sample_id,system,rouge1,rouge2,rougeL,bertscore_f1,semantic_bert_cosine
0,SYS_A,0.7058823529411764,0.6666666666666666,0.7058823529411764,0.7997689247131348,0.64902663230896
1,SYS_A,0.1904761904761905,0.0,0.09523809523809525,0.45056262612342834,0.33926182985305786
2,SYS_A,0.2,0.0,0.2,0.5857034921646118,0.7427084445953369
3,SYS_A,0.380952380952381,0.10526315789473685,0.2857142857142857,0.6632792949676514,0.7240066528320312
4,SYS_A,0.30769230769230765,0.0,0.15384615384615383,0.5857370495796204,0.6440168023109436
5,SYS_A,0.16,0.08695652173913043,0.16,0.6257707476615906,0.7063429951667786
6,SYS_A,0.2,0.0,0.1,0.5797948241233826,0.4771595001220703
7,SYS_A,0.1,0.0,0.1,0.4764143228530884,0.21857279539108276
8,SYS_A,0.3636363636363636,0.22222222222222224,0.3636363636363636,0.5728923082351685,0.6980693936347961
9,SYS_A,0.19047619047619047,0.0,0.09523809523809523,0.5351670384407043,0.38978347182273865
10,SYS_A,0.8,0.608695652173913,0.8,0.8362250328063965,0.8490570783615112
11,SYS_A,0.48,0.17391304347826086,0.4,0.7343578934669495,0.868401050567627
12,SYS_A,0.2222222222222222,0.0,0.1111111111111111,0.53734290599823,0.6712874174118042
13,SYS_A,0.8750000000000001,0.8571428571428571,0.8750000000000001,0.5834085941314697,0.6285260319709778
14,SYS_A,0.29411764705882354,0.0,0.23529411764705882,0.6134727597236633,0.3769022226333618
15,SYS_A,0.5217391304347826,0.09523809523809525,0.34782608695652173,0.570000171661377,0.5096116065979004
16,SYS_A,0.2608695652173913,0.0,0.17391304347826086,0.5970738530158997,0.6355234384536743
17,SYS_A,0.3333333333333333,0.25000000000000006,0.3333333333333333,0.5724917054176331,0.5042659640312195
18,SYS_A,0.761904761904762,0.4210526315789474,0.5714285714285714,0.7864735126495361,0.7571378946304321
19,SYS_A,0.4,0.2608695652173913,0.32,0.685701310634613,0.7815300226211548
20,SYS_A,0.2608695652173913,0.0,0.17391304347826086,0.5690940022468567,0.5202845335006714
21,SYS_A,0.2727272727272727,0.10000000000000002,0.2727272727272727,0.6048163175582886,0.5640187859535217
22,SYS_A,0.6363636363636364,0.4,0.6363636363636364,0.7513831853866577,0.8735910654067993
23,SYS_A,0.4347826086956522,0.28571428571428575,0.34782608695652173,0.5694817304611206,0.6160606145858765
24,SYS_A,0.5454545454545455,0.3,0.3636363636363637,0.644184410572052,0.7292134761810303
25,SYS_A,0.2608695652173913,0.0,0.17391304347826086,0.6157241463661194,0.642524778842926
26,SYS_A,0.5,0.0,0.25,0.5749683976173401,0.7841023206710815
27,SYS_A,0.2727272727272727,0.0,0.18181818181818182,0.5458441376686096,0.6066426634788513
28,SYS_A,0.06666666666666667,0.0,0.06666666666666667,0.5239742398262024,0.5062950849533081
29,SYS_A,0.3333333333333333,0.2,0.3333333333333333,0.5672491788864136,0.5090087056159973
30,SYS_A,0.5333333333333333,0.15384615384615383,0.39999999999999997,0.6285778284072876,0.6386070847511292
31,SYS_A,0.2105263157894737,0.0,0.10526315789473685,0.5148801803588867,0.5611815452575684
32,SYS_A,0.2105263157894737,0.0,0.2105263157894737,0.6615291237831116,0.7211353778839111
33,SYS_A,0.4799999999999999,0.4347826086956522,0.4799999999999999,0.6935946941375732,0.6741870641708374
34,SYS_A,0.23529411764705882,0.13333333333333333,0.23529411764705882,0.5453556180000305,0.46735185384750366
35,SYS_A,0.39999999999999997,0.0,0.26666666666666666,0.5378148555755615,0.6663973927497864
36,SYS_A,0.09090909090909091,0.0,0.09090909090909091,0.5825981497764587,0.7355296611785889
37,SYS_A,0.25,0.14285714285714288,0.25,0.6491098999977112,0.5111684799194336
38,SYS_A,0.7777777777777778,0.5,0.6666666666666666,0.8780956864356995,0.882787823677063
39,SYS_A,0.31578947368421056,0.23529411764705882,0.31578947368421056,0.4250207245349884,0.731564998626709
40,SYS_A,0.14285714285714288,0.0,0.14285714285714288,0.4926949739456177,0.4098426103591919
41,SYS_A,0.5454545454545454,0.3,0.5454545454545454,0.7155433297157288,0.8422316312789917
42,SYS_A,0.22222222222222224,0.0,0.22222222222222224,0.6761171817779541,0.612102210521698
43,SYS_A,0.6153846153846153,0.36363636363636365,0.46153846153846156,0.7014250755310059,0.7419316172599792
44,SYS_A,0.43478260869565216,0.28571428571428564,0.43478260869565216,0.6776473522186279,0.6606909036636353
45,SYS_A,0.4761904761904762,0.3157894736842105,0.4761904761904762,0.6665335893630981,0.6568105220794678
46,SYS_A,0.608695652173913,0.19047619047619047,0.43478260869565216,0.6093751788139343,0.9081497192382812
47,SYS_A,0.33333333333333326,0.125,0.33333333333333326,0.5864989757537842,0.6269257068634033
48,SYS_A,0.30769230769230765,0.08333333333333334,0.23076923076923075,0.6094281673431396,0.6316484808921814
49,SYS_A,0.11764705882352941,0.0,0.11764705882352941,0.6000141501426697,0.5579395294189453
50,SYS_A,0.4444444444444445,0.23999999999999996,0.3703703703703704,0.641628623008728,0.7174290418624878
51,SYS_A,0.20689655172413793,0.0,0.13793103448275862,0.5910995006561279,0.44262975454330444
52,SYS_A,0.3703703703703703,0.08,0.2962962962962963,0.5201345682144165,0.5980926156044006
53,SYS_A,0.33333333333333326,0.0,0.33333333333333326,0.6285814642906189,0.792995810508728
54,SYS_A,0.16666666666666669,0.0,0.16666666666666669,0.5954759120941162,0.8115999698638916
55,SYS_A,0.923076923076923,0.7272727272727272,0.923076923076923,0.945003867149353,0.8545837998390198
56,SYS_A,0.380952380952381,0.0,0.380952380952381,0.6377052664756775,0.63010573387146
57,SYS_A,0.3,0.0,0.19999999999999998,0.5663443207740784,0.6711077690124512
58,SYS_A,0.2222222222222222,0.125,0.2222222222222222,0.6125914454460144,0.5802487134933472
59,SYS_A,0.2727272727272727,0.0,0.18181818181818182,0.5184636116027832,0.6150777339935303
60,SYS_A,0.3333333333333333,0.125,0.2222222222222222,0.5933284163475037,0.7312031388282776
61,SYS_A,0.7368421052631579,0.23529411764705885,0.5263157894736842,0.8347147703170776,0.9210402965545654
62,SYS_A,0.34782608695652173,0.09523809523809525,0.2608695652173913,0.5493711829185486,0.5616298317909241
63,SYS_A,0.46153846153846156,0.18181818181818182,0.46153846153846156,0.6360064744949341,0.7380220890045166
64,SYS_A,0.33333333333333337,0.0,0.33333333333333337,0.6064838767051697,0.5949990749359131
65,SYS_A,0.10526315789473684,0.0,0.10526315789473684,0.5261374711990356,0.3884872794151306
66,SYS_A,0.4000000000000001,0.0,0.3,0.6151930093765259,0.6518628001213074
67,SYS_A,0.2608695652173913,0.0,0.2608695652173913,0.6103436350822449,0.5003045201301575
68,SYS_A,0.6250000000000001,0.5714285714285715,0.6250000000000001,0.7401503920555115,0.776928186416626
69,SYS_A,0.2105263157894737,0.0,0.2105263157894737,0.6102418303489685,0.5520633459091187
70,SYS_A,0.3157894736842105,0.11764705882352941,0.3157894736842105,0.6006405353546143,0.4544581472873688
71,SYS_A,0.0,0.0,0.0,0.5704542398452759,0.5715587139129639
72,SYS_A,0.3,0.0,0.1,0.580843448638916,0.6647271513938904
73,SYS_A,0.2222222222222222,0.0,0.2222222222222222,0.5977097153663635,0.5025049448013306
74,SYS_A,0.16,0.0,0.08,0.5909414291381836,0.6349641680717468
75,SYS_A,0.23076923076923075,0.0,0.15384615384615383,0.5560650825500488,0.505825400352478
76,SYS_A,0.36363636363636365,0.1,0.2727272727272727,0.5924750566482544,0.6027241945266724
77,SYS_A,0.4545454545454546,0.0,0.27272727272727276,0.674778163433075,0.6296350955963135
78,SYS_A,0.10526315789473682,0.0,0.10526315789473682,0.5645207166671753,0.5021129846572876
79,SYS_A,0.24000000000000002,0.08695652173913043,0.24000000000000002,0.606820821762085,0.661344051361084
80,SYS_A,0.5185185185185186,0.32,0.4444444444444445,0.7710884809494019,0.6802935600280762
81,SYS_A,0.11764705882352941,0.0,0.11764705882352941,0.5289857387542725,0.3742702007293701
82,SYS_A,0.4444444444444445,0.125,0.33333333333333326,0.5651692152023315,0.7001505494117737
83,SYS_A,0.14285714285714285,0.0,0.14285714285714285,0.4848310649394989,0.5307434797286987
84,SYS_A,0.24000000000000002,0.08695652173913043,0.16,0.6474822759628296,0.5486164689064026
85,SYS_A,0.4117647058823529,0.0,0.23529411764705882,0.6155056357383728,0.7269946336746216
86,SYS_A,0.3846153846153846,0.16666666666666669,0.30769230769230765,0.6221097707748413,0.555316150188446
87,SYS_A,0.4615384615384615,0.25,0.4615384615384615,0.6739892959594727,0.6608238220214844
88,SYS_A,0.4,0.08695652173913043,0.32,0.6071117520332336,0.6755425930023193
89,SYS_A,0.631578947368421,0.23529411764705882,0.631578947368421,0.6761675477027893,0.7344378232955933
90,SYS_A,0.3703703703703704,0.23999999999999996,0.3703703703703704,0.6659266948699951,0.6587401628494263
91,SYS_A,0.2105263157894737,0.0,0.2105263157894737,0.6344587206840515,0.493324875831604
92,SYS_A,0.22222222222222224,0.125,0.22222222222222224,0.6643500924110413,0.6496974229812622
93,SYS_A,0.6956521739130435,0.4761904761904762,0.6956521739130435,0.6709434390068054,0.7085387706756592
94,SYS_A,0.5555555555555556,0.25,0.5555555555555556,0.6978544592857361,0.7696326971054077
95,SYS_A,0.20689655172413793,0.0,0.13793103448275862,0.5917981863021851,0.6355447769165039
96,SYS_A,0.64,0.17391304347826086,0.24000000000000002,0.6315425038337708,0.8787479400634766
97,SYS_A,0.6206896551724138,0.4444444444444445,0.4137931034482759,0.7668887376785278,0.8613544702529907
98,SYS_A,0.33333333333333326,0.0,0.22222222222222224,0.609560489654541,0.7324153780937195
99,SYS_A,0.7058823529411764,0.4,0.7058823529411764,0.7188941240310669,0.9112498760223389
100,SYS_A,0.5,0.2222222222222222,0.4,0.7696760296821594,0.9015641212463379
101,SYS_A,0.608695652173913,0.380952380952381,0.5217391304347826,0.7471352815628052,0.7489924430847168
102,SYS_A,0.3333333333333333,0.0,0.3333333333333333,0.871018648147583,0.8675087690353394
103,SYS_A,0.25000000000000006,0.0,0.25000000000000006,0.6231690645217896,0.6051798462867737
104,SYS_A,0.608695652173913,0.4761904761904762,0.608695652173913,0.802167534828186,0.8763525485992432
105,SYS_A,0.18181818181818185,0.1,0.18181818181818185,0.4940972924232483,0.5067043304443359
106,SYS_A,0.30769230769230765,0.0,0.15384615384615383,0.5471855998039246,0.5942448973655701
107,SYS_A,0.33333333333333326,0.125,0.33333333333333326,0.6345798969268799,0.6051163673400879
108,SYS_A,0.5714285714285714,0.3333333333333333,0.5714285714285714,0.5901973247528076,0.6834660172462463
109,SYS_A,1.0,1.0,1.0,1.0000001192092896,1.0000001192092896
110,SYS_A,0.4,0.08695652173913043,0.24000000000000002,0.5504739880561829,0.6405540704727173
111,SYS_A,0.2608695652173913,0.09523809523809525,0.17391304347826086,0.5435991883277893,0.4575759172439575
112,SYS_A,0.5454545454545454,0.4,0.45454545454545453,0.6469566226005554,0.7938693761825562
113,SYS_A,0.3333333333333333,0.2,0.3333333333333333,0.6397656202316284,0.8670165538787842
114,SYS_A,0.2962962962962963,0.16,0.14814814814814814,0.6284223198890686,0.6276991963386536
115,SYS_A,0.42857142857142855,0.0,0.42857142857142855,0.6676110029220581,0.5057617425918579
116,SYS_A,0.0,0.0,0.0,0.4500596821308136,0.4487053453922272
117,SYS_A,0.26086956521739135,0.0,0.26086956521739135,0.5814458131790161,0.4321756958961487
118,SYS_A,0.26666666666666666,0.07142857142857142,0.26666666666666666,0.4864518642425537,0.5444958209991455
119,SYS_A,0.5,0.18181818181818182,0.3333333333333333,0.6301577687263489,0.6862202882766724
120,SYS_A,0.888888888888889,0.8750000000000001,0.888888888888889,0.8706861138343811,0.8416164517402649
121,SYS_A,0.18181818181818182,0.10000000000000002,0.18181818181818182,0.5861329436302185,0.5433317422866821
122,SYS_A,0.2608695652173913,0.0,0.2608695652173913,0.6750127077102661,0.5256406664848328
123,SYS_A,0.34782608695652173,0.1904761904761905,0.34782608695652173,0.5895127058029175,0.7091257572174072
124,SYS_A,0.5454545454545454,0.1,0.5454545454545454,0.7607256770133972,0.6940388679504395
125,SYS_A,0.5333333333333333,0.4615384615384615,0.5333333333333333,0.7322779297828674,0.5880827307701111
126,SYS_A,0.29629629629629634,0.16,0.29629629629629634,0.6422297358512878,0.9019078016281128
127,SYS_A,0.4761904761904762,0.2105263157894737,0.4761904761904762,0.716529130935669,0.5813077688217163
128,SYS_A,0.5263157894736842,0.23529411764705885,0.5263157894736842,0.6530951261520386,0.5053311586380005
129,SYS_A,0.2857142857142857,0.2105263157894737,0.2857142857142857,0.5754187107086182,0.5836315155029297
130,SYS_A,0.21052631578947367,0.0,0.21052631578947367,0.5689842104911804,0.4620334506034851
131,SYS_A,0.0,0.0,0.0,0.49382296204566956,0.5565099120140076
132,SYS_A,0.3333333333333333,0.12500000000000003,0.3333333333333333,0.5631470680236816,0.5897060632705688
133,SYS_A,0.19047619047619044,0.10526315789473682,0.19047619047619044,0.5861374139785767,0.5054404735565186
134,SYS_A,0.4444444444444445,0.125,0.33333333333333326,0.6414571404457092,0.8361748456954956
135,SYS_A,0.3157894736842105,0.11764705882352941,0.3157894736842105,0.6933599710464478,0.7614989280700684
136,SYS_A,0.6666666666666667,0.6153846153846154,0.6666666666666667,0.733482301235199,0.7424390316009521
137,SYS_A,0.64,0.43478260869565216,0.56,0.590663731098175,0.7319842576980591
138,SYS_A,0.16666666666666666,0.09090909090909091,0.16666666666666666,0.6066089868545532,0.7251623272895813
139,SYS_A,0.5384615384615384,0.41666666666666663,0.5384615384615384,0.6681908965110779,0.655491292476654
140,SYS_A,0.6666666666666665,0.37499999999999994,0.5555555555555556,0.7221396565437317,0.7347850799560547
141,SYS_A,0.5217391304347826,0.380952380952381,0.5217391304347826,0.6589980721473694,0.6740577220916748
142,SYS_A,0.32,0.08695652173913043,0.32,0.6243667602539062,0.7514656186103821
143,SYS_A,0.3333333333333333,0.0,0.3333333333333333,0.5639345645904541,0.4414312243461609
144,SYS_A,0.4,0.17391304347826086,0.23999999999999996,0.6760082840919495,0.7841960787773132
145,SYS_A,0.2727272727272727,0.09999999999999999,0.2727272727272727,0.5770944356918335,0.5558938980102539
146,SYS_A,0.380952380952381,0.2105263157894737,0.380952380952381,0.6440959572792053,0.7080086469650269
147,SYS_A,0.39999999999999997,0.33333333333333326,0.39999999999999997,0.6762365698814392,0.4230523705482483
148,SYS_A,0.5263157894736842,0.11764705882352941,0.42105263157894735,0.6333191990852356,0.8080646395683289
149,SYS_A,0.6923076923076923,0.5,0.6153846153846154,0.7295498847961426,0.7550434470176697
150,SYS_A,0.5263157894736842,0.11764705882352942,0.4210526315789474,0.6835442185401917,0.7769354581832886
151,SYS_A,0.4,0.08695652173913043,0.4,0.6776648759841919,0.40371477603912354
152,SYS_A,0.4210526315789474,0.0,0.3157894736842105,0.5680044889450073,0.6163127422332764
153,SYS_A,0.4615384615384615,0.3333333333333333,0.4615384615384615,0.7375611066818237,0.8610947132110596
154,SYS_A,0.7826086956521738,0.5714285714285715,0.5217391304347826,0.8266156315803528,0.821353554725647
155,SYS_A,0.19999999999999998,0.11111111111111112,0.19999999999999998,0.5616787672042847,0.6299893856048584
156,SYS_A,0.15384615384615383,0.0,0.15384615384615383,0.6138549447059631,0.3605315685272217
157,SYS_A,0.15384615384615383,0.0,0.15384615384615383,0.4561184048652649,0.5831761360168457
158,SYS_A,0.0,0.0,0.0,0.5437425374984741,0.37967485189437866
159,SYS_A,0.45454545454545453,0.3,0.45454545454545453,0.7356604933738708,0.7591952085494995
160,SYS_A,0.39999999999999997,0.22222222222222224,0.39999999999999997,0.7154834866523743,0.7457274198532104
161,SYS_A,0.7272727272727273,0.4444444444444444,0.5454545454545454,0.7885711193084717,0.9567174911499023
162,SYS_A,0.5263157894736842,0.35294117647058826,0.5263157894736842,0.7852355241775513,0.7311595678329468
163,SYS_A,0.5263157894736842,0.11764705882352941,0.5263157894736842,0.7665258049964905,0.7072843313217163
164,SYS_A,0.7368421052631579,0.588235294117647,0.5263157894736842,0.6768085360527039,0.7962684631347656
165,SYS_A,0.5000000000000001,0.14285714285714288,0.37499999999999994,0.6061680316925049,0.5547435283660889
166,SYS_A,0.5714285714285715,0.3333333333333333,0.5714285714285715,0.8227033615112305,0.8902882933616638
167,SYS_A,0.7058823529411764,0.26666666666666666,0.47058823529411764,0.7388031482696533,0.9050502777099609
168,SYS_A,0.3529411764705882,0.0,0.23529411764705882,0.6097338795661926,0.6527274250984192
169,SYS_A,0.45454545454545453,0.4,0.45454545454545453,0.7060532569885254,0.6458141207695007
170,SYS_A,0.4,0.2608695652173913,0.4,0.6573436856269836,0.8393172025680542
171,SYS_A,0.8333333333333333,0.8,0.8333333333333333,0.9066193699836731,0.970146894454956
172,SYS_A,0.3333333333333333,0.2,0.3333333333333333,0.6026236414909363,0.6318138241767883
173,SYS_A,0.4000000000000001,0.2222222222222222,0.4000000000000001,0.7575705051422119,0.6808816194534302
174,SYS_A,0.5882352941176471,0.26666666666666666,0.47058823529411764,0.7175090909004211,0.7308031320571899
175,SYS_A,0.41666666666666663,0.0,0.16666666666666669,0.6668825149536133,0.7282792925834656
176,SYS_A,0.6363636363636364,0.20000000000000004,0.45454545454545453,0.7130789756774902,0.8029001355171204
177,SYS_A,0.43478260869565216,0.1904761904761905,0.43478260869565216,0.6745811700820923,0.5159396529197693
178,SYS_A,0.375,0.2857142857142857,0.375,0.5125641822814941,0.524605393409729
179,SYS_A,0.3636363636363636,0.0,0.1818181818181818,0.4275895357131958,0.557263195514679
180,SYS_A,0.27586206896551724,0.07407407407407407,0.27586206896551724,0.6475105881690979,0.7008007764816284
181,SYS_A,0.6666666666666665,0.5714285714285715,0.6666666666666665,0.7807497978210449,0.5841325521469116
182,SYS_A,0.8750000000000001,0.7142857142857143,0.8750000000000001,0.8754816651344299,0.9669409394264221
183,SYS_A,0.6,0.2222222222222222,0.5,0.6513845324516296,0.7971301674842834
184,SYS_A,0.4,0.25,0.4,0.6435678005218506,0.6481239795684814
185,SYS_A,0.6153846153846153,0.5454545454545454,0.6153846153846153,0.7998947501182556,0.866419792175293
186,SYS_A,0.23076923076923075,0.0,0.15384615384615383,0.5202659368515015,0.5327110886573792
187,SYS_A,0.2727272727272727,0.1,0.2727272727272727,0.630803644657135,0.8315002918243408
188,SYS_A,0.18181818181818182,0.10000000000000002,0.18181818181818182,0.6281728744506836,0.5756916999816895
189,SYS_A,0.4347826086956522,0.28571428571428575,0.4347826086956522,0.6734487414360046,0.7262324690818787
190,SYS_A,0.125,0.0,0.125,0.5370975136756897,0.6382967233657837
191,SYS_A,0.11764705882352941,0.0,0.11764705882352941,0.48586830496788025,0.4149661064147949
192,SYS_A,0.1739130434782609,0.0,0.1739130434782609,0.607109785079956,0.46330228447914124
193,SYS_A,0.4210526315789474,0.23529411764705885,0.4210526315789474,0.6261465549468994,0.7620257139205933
194,SYS_A,0.4,0.15384615384615385,0.4,0.5786534547805786,0.6653429865837097
195,SYS_A,0.4545454545454546,0.2,0.3636363636363637,0.752615749835968,0.6987693905830383
196,SYS_A,0.6153846153846153,0.41666666666666663,0.6153846153846153,0.6746587753295898,0.7877890467643738
197,SYS_A,0.380952380952381,0.2105263157894737,0.380952380952381,0.58454829454422,0.8333063721656799
198,SYS_A,0.17391304347826086,0.09523809523809525,0.17391304347826086,0.5497274398803711,0.4813334345817566
199,SYS_A,0.33333333333333337,0.0,0.16666666666666669,0.6257391571998596,0.5335603952407837
200,SYS_A,0.380952380952381,0.10526315789473685,0.28571428571428575,0.6604402661323547,0.7287740707397461
201,SYS_A,0.23529411764705882,0.0,0.23529411764705882,0.6102929711341858,0.6223620772361755
202,SYS_A,0.28571428571428564,0.10526315789473685,0.28571428571428564,0.5504844784736633,0.6276125907897949
203,SYS_A,0.4210526315789474,0.11764705882352941,0.3157894736842105,0.5529831051826477,0.7665817141532898
204,SYS_A,0.8000000000000002,0.5555555555555556,0.8000000000000002,0.8942772746086121,0.7190648317337036
205,SYS_A,0.4,0.3076923076923077,0.4,0.6125983595848083,0.6683562994003296
206,SYS_A,0.4761904761904762,0.2105263157894737,0.4761904761904762,0.7601001262664795,0.7243919968605042
207,SYS_A,0.26666666666666666,0.0,0.26666666666666666,0.5474144220352173,0.4277802109718323
208,SYS_A,0.5714285714285714,0.21052631578947367,0.5714285714285714,0.6470152139663696,0.698843240737915
209,SYS_A,0.8695652173913044,0.8571428571428571,0.8695652173913044,0.9125844240188599,0.8487299084663391
210,SYS_A,0.3529411764705882,0.0,0.3529411764705882,0.5407525300979614,0.5519037246704102
211,SYS_A,0.45454545454545453,0.09999999999999999,0.1818181818181818,0.6052270531654358,0.5909945368766785
212,SYS_A,0.6666666666666666,0.4210526315789474,0.4761904761904762,0.648980438709259,0.8527334332466125
213,SYS_A,0.5454545454545454,0.4444444444444444,0.5454545454545454,0.7033169269561768,0.8394873142242432
214,SYS_A,0.17391304347826086,0.0,0.17391304347826086,0.5682198405265808,0.44042205810546875
215,SYS_A,0.7199999999999999,0.43478260869565216,0.64,0.7245892286300659,0.7126321792602539
216,SYS_A,0.0,0.0,0.0,0.5220593810081482,0.27349352836608887
217,SYS_A,0.42857142857142855,0.3333333333333333,0.42857142857142855,0.692557156085968,0.7250887155532837
218,SYS_A,0.5333333333333333,0.30769230769230765,0.5333333333333333,0.6816266775131226,0.6906571388244629
219,SYS_A,0.2857142857142857,0.0,0.14285714285714285,0.5383761525154114,0.6527427434921265
220,SYS_A,0.5,0.15384615384615385,0.2857142857142857,0.6460070610046387,0.7056410312652588
221,SYS_A,0.25,0.0,0.25,0.5705095529556274,0.3456481099128723
222,SYS_A,0.35294117647058826,0.13333333333333333,0.23529411764705882,0.6044878363609314,0.7717649936676025
223,SYS_A,0.21052631578947364,0.0,0.10526315789473682,0.4834212362766266,0.13557180762290955
224,SYS_A,0.6666666666666666,0.625,0.6666666666666666,0.728495717048645,0.8512043952941895
225,SYS_A,0.26666666666666666,0.0,0.19999999999999998,0.5789839029312134,0.5881540775299072
226,SYS_A,0.7272727272727273,0.6666666666666666,0.7272727272727273,0.8202705383300781,0.8363845348358154
227,SYS_A,0.5217391304347826,0.28571428571428575,0.2608695652173913,0.6822490096092224,0.8893046379089355
228,SYS_A,0.6086956521739131,0.4761904761904762,0.5217391304347826,0.7185264229774475,0.5935582518577576
229,SYS_A,0.19999999999999998,0.0,0.19999999999999998,0.5743017196655273,0.6870375275611877
230,SYS_A,0.6666666666666666,0.6153846153846153,0.6666666666666666,0.6347620487213135,0.8697395324707031
231,SYS_A,0.125,0.0,0.125,0.660395085811615,0.6333918571472168
232,SYS_A,0.2857142857142857,0.0,0.1904761904761905,0.5855687856674194,0.5279608368873596
233,SYS_A,0.43478260869565216,0.09523809523809525,0.34782608695652173,0.6796229481697083,0.80368971824646
234,SYS_A,0.3,0.0,0.09999999999999999,0.5286049842834473,0.38827842473983765
235,SYS_A,0.33333333333333326,0.25,0.33333333333333326,0.6660369038581848,0.6447135806083679
236,SYS_A,0.3529411764705882,0.26666666666666666,0.3529411764705882,0.584416925907135,0.7730245590209961
237,SYS_A,0.2727272727272727,0.2,0.2727272727272727,0.5737340450286865,0.661126971244812
238,SYS_A,0.375,0.14285714285714288,0.375,0.7485638856887817,0.840351402759552
239,SYS_A,0.6363636363636364,0.4000000000000001,0.6363636363636364,0.8057066798210144,0.8273910880088806
240,SYS_A,0.36363636363636365,0.0,0.2727272727272727,0.5891176462173462,0.5441523194313049
241,SYS_A,0.34782608695652173,0.09523809523809525,0.34782608695652173,0.6166415810585022,0.6161876916885376
242,SYS_A,0.3333333333333333,0.0,0.3333333333333333,0.6090735793113708,0.6375709772109985
243,SYS_A,0.6153846153846154,0.0,0.4615384615384615,0.706392228603363,0.8226420879364014
244,SYS_A,0.4761904761904762,0.2105263157894737,0.4761904761904762,0.7061740756034851,0.6491378545761108
245,SYS_A,0.33333333333333326,0.0,0.22222222222222224,0.6246016621589661,0.6326509714126587
246,SYS_A,0.23529411764705882,0.0,0.23529411764705882,0.4746292233467102,0.46666914224624634
247,SYS_A,0.4347826086956522,0.09523809523809525,0.2608695652173913,0.5965256690979004,0.6529272794723511
248,SYS_A,0.6153846153846153,0.08333333333333334,0.3846153846153846,0.7108168005943298,0.5854313969612122
249,SYS_A,0.3333333333333333,0.0,0.3333333333333333,0.6002433896064758,0.5912361741065979
250,SYS_A,0.33333333333333337,0.0,0.2222222222222222,0.5332340002059937,0.6206565499305725
251,SYS_A,0.761904761904762,0.631578947368421,0.761904761904762,0.8718661665916443,0.7431143522262573
252,SYS_A,0.4210526315789474,0.11764705882352941,0.3157894736842105,0.5592932105064392,0.7120825052261353
253,SYS_A,0.2727272727272727,0.2,0.2727272727272727,0.5901066660881042,0.5455047488212585
254,SYS_A,0.25,0.14285714285714285,0.25,0.6081154942512512,0.5795823931694031
255,SYS_A,0.6,0.3333333333333333,0.6,0.7778006196022034,0.853003740310669
256,SYS_A,0.2727272727272727,0.0,0.18181818181818182,0.5930797457695007,0.4523788094520569
257,SYS_A,0.3333333333333333,0.0,0.2222222222222222,0.6720206141471863,0.8654184341430664
258,SYS_A,0.1904761904761905,0.0,0.09523809523809525,0.6184773445129395,0.47455599904060364
259,SYS_A,0.30769230769230765,0.08333333333333333,0.23076923076923075,0.6370102167129517,0.7897220849990845
260,SYS_A,0.25,0.0,0.125,0.6590219736099243,0.6533006429672241
261,SYS_A,0.4705882352941177,0.26666666666666666,0.4705882352941177,0.6809483766555786,0.6396082043647766
262,SYS_A,0.5,0.4444444444444444,0.5,0.6011625528335571,0.6154904365539551
263,SYS_A,0.11764705882352941,0.0,0.11764705882352941,0.574677050113678,0.27340078353881836
264,SYS_A,0.3076923076923077,0.0,0.23076923076923078,0.5417761206626892,0.32620951533317566
265,SYS_A,0.7200000000000001,0.6086956521739131,0.7200000000000001,0.8441033959388733,0.7963359951972961
266,SYS_A,0.5833333333333334,0.3636363636363637,0.5833333333333334,0.7223312258720398,0.8073074817657471
267,SYS_A,0.2608695652173913,0.09523809523809525,0.2608695652173913,0.5630568265914917,0.6335735321044922
268,SYS_A,0.19999999999999998,0.0,0.09999999999999999,0.5166789889335632,0.6744972467422485
269,SYS_A,0.6206896551724138,0.4444444444444445,0.6206896551724138,0.6236811876296997,0.8968764543533325
270,SYS_A,0.3,0.0,0.3,0.7082111239433289,0.6005741953849792
271,SYS_A,0.11764705882352941,0.0,0.11764705882352941,0.4806903600692749,0.20328381657600403
272,SYS_A,0.4761904761904762,0.2105263157894737,0.380952380952381,0.741213858127594,0.7973580956459045
273,SYS_A,0.4615384615384615,0.25,0.3846153846153846,0.6945787668228149,0.5704605579376221
274,SYS_A,0.4444444444444444,0.0,0.33333333333333326,0.7383368611335754,0.7534663677215576
275,SYS_A,0.18181818181818185,0.0,0.18181818181818185,0.5440840721130371,0.6145291924476624
276,SYS_A,0.45454545454545453,0.1,0.36363636363636365,0.6631635427474976,0.7784961462020874
277,SYS_A,0.2105263157894737,0.0,0.2105263157894737,0.6669524908065796,0.5678610801696777
278,SYS_A,0.5,0.30769230769230765,0.5,0.7550868988037109,0.8703556656837463
279,SYS_A,0.4761904761904762,0.21052631578947367,0.38095238095238093,0.6359769701957703,0.7029842138290405
280,SYS_A,0.6666666666666665,0.5714285714285715,0.6666666666666665,0.6412335634231567,0.7673548460006714
281,SYS_A,0.4137931034482759,0.07407407407407408,0.2758620689655172,0.716518759727478,0.6479901075363159
282,SYS_A,0.45454545454545453,0.0,0.2727272727272727,0.7279585599899292,0.7235445976257324
283,SYS_A,0.1904761904761905,0.10526315789473685,0.1904761904761905,0.5366612672805786,0.6075377464294434
284,SYS_A,0.75,0.6666666666666666,0.75,0.7576674222946167,0.8358108997344971
285,SYS_A,0.6666666666666666,0.4615384615384615,0.6666666666666666,0.7296509742736816,0.8843841552734375
286,SYS_A,0.6250000000000001,0.42857142857142855,0.6250000000000001,0.7001088857650757,0.8407349586486816
287,SYS_A,0.3157894736842105,0.0,0.21052631578947367,0.5815631747245789,0.7015858888626099
288,SYS_A,0.3571428571428571,0.0,0.3571428571428571,0.6345024108886719,0.8429733514785767
289,SYS_A,0.5217391304347826,0.28571428571428575,0.4347826086956522,0.7374273538589478,0.7803272604942322
290,SYS_A,0.3333333333333333,0.25,0.3333333333333333,0.6047980785369873,0.8132185339927673
291,SYS_A,0.3333333333333333,0.25,0.3333333333333333,0.5776169300079346,0.5632295608520508
292,SYS_A,0.4761904761904762,0.10526315789473685,0.380952380952381,0.7051087617874146,0.642745852470398
293,SYS_A,0.6363636363636364,0.5,0.6363636363636364,0.7829091548919678,0.8351160287857056
294,SYS_A,0.5882352941176471,0.26666666666666666,0.5882352941176471,0.706492006778717,0.9171871542930603
295,SYS_A,0.39999999999999997,0.0,0.39999999999999997,0.6356286406517029,0.7393181920051575
296,SYS_A,0.380952380952381,0.2105263157894737,0.380952380952381,0.6411792635917664,0.6314438581466675
297,SYS_A,0.2857142857142857,0.10526315789473685,0.2857142857142857,0.5812989473342896,0.5468435287475586
298,SYS_A,0.5263157894736842,0.35294117647058826,0.5263157894736842,0.6388148069381714,0.7478318810462952
299,SYS_A,0.08695652173913043,0.0,0.08695652173913043,0.49625521898269653,0.4204775094985962
300,SYS_A,0.7272727272727273,0.20000000000000004,0.5454545454545454,0.7368370890617371,0.7670952081680298
301,SYS_A,0.21052631578947364,0.0,0.21052631578947364,0.5502697825431824,0.6926534175872803
302,SYS_A,0.4615384615384615,0.1818181818181818,0.4615384615384615,0.7004477381706238,0.7040138244628906
303,SYS_A,0.2608695652173913,0.09523809523809525,0.17391304347826086,0.653019905090332,0.7366377115249634
304,SYS_A,0.7142857142857143,0.6666666666666666,0.7142857142857143,0.7970246076583862,0.7994785308837891
305,SYS_A,0.4,0.17391304347826086,0.32,0.6766020655632019,0.8430137634277344
306,SYS_A,0.41666666666666663,0.2727272727272727,0.41666666666666663,0.7987607717514038,0.8943975567817688
307,SYS_A,0.64,0.34782608695652173,0.64,0.7679944038391113,0.7738255262374878
308,SYS_A,0.28571428571428575,0.16666666666666666,0.28571428571428575,0.6409595608711243,0.6430200338363647
309,SYS_A,0.4,0.08695652173913043,0.24000000000000002,0.7551060914993286,0.8475014567375183
310,SYS_A,0.2608695652173913,0.09523809523809525,0.17391304347826086,0.6244050860404968,0.82654869556427
311,SYS_A,0.4,0.0,0.4,0.6087284684181213,0.5886696577072144
312,SYS_A,0.2608695652173913,0.09523809523809525,0.2608695652173913,0.6440309286117554,0.6756768226623535
313,SYS_A,0.6363636363636364,0.5,0.6363636363636364,0.7784851789474487,0.7890676259994507
314,SYS_A,0.26666666666666666,0.15384615384615383,0.26666666666666666,0.4863570034503937,0.6206421256065369
315,SYS_A,0.25,0.09090909090909091,0.25,0.6318502426147461,0.6400466561317444
316,SYS_A,0.8888888888888888,0.75,0.8888888888888888,0.8577295541763306,0.842387318611145
317,SYS_A,0.4545454545454546,0.1,0.3636363636363637,0.6612216234207153,0.8181568384170532
318,SYS_A,0.7333333333333334,0.5,0.6666666666666667,0.877543032169342,0.7668880820274353
319,SYS_A,0.4545454545454546,0.1,0.27272727272727276,0.6463282704353333,0.6340152025222778
320,SYS_A,0.47058823529411764,0.26666666666666666,0.3529411764705882,0.5685035586357117,0.8409996032714844
321,SYS_A,0.5714285714285713,0.10526315789473685,0.1904761904761905,0.7514062523841858,0.7700853943824768
322,SYS_A,0.7368421052631579,0.5882352941176471,0.7368421052631579,0.8545406460762024,0.9385613203048706
323,SYS_A,0.5185185185185186,0.08,0.29629629629629634,0.7105481028556824,0.8150750398635864
324,SYS_A,0.2608695652173913,0.0,0.2608695652173913,0.6711673140525818,0.48094528913497925
325,SYS_A,0.10526315789473685,0.0,0.10526315789473685,0.4794270098209381,0.19187381863594055
326,SYS_A,0.5555555555555556,0.25,0.4444444444444445,0.6202378869056702,0.5635291337966919
327,SYS_A,0.2105263157894737,0.11764705882352941,0.2105263157894737,0.5520327687263489,0.5560087561607361
328,SYS_A,0.9600000000000001,0.8695652173913043,0.64,0.9239539504051208,0.964192271232605
329,SYS_A,0.4,0.17391304347826086,0.32,0.7032651901245117,0.5610638856887817
330,SYS_A,0.5833333333333334,0.45454545454545453,0.5833333333333334,0.7663792967796326,0.8574991226196289
331,SYS_A,0.08695652173913043,0.0,0.08695652173913043,0.4804329574108124,0.391632080078125
332,SYS_A,0.5882352941176471,0.26666666666666666,0.5882352941176471,0.6712419390678406,0.6446582078933716
333,SYS_A,0.7272727272727273,0.5,0.7272727272727273,0.767089307308197,0.7734308838844299
334,SYS_A,0.1,0.0,0.1,0.47721195220947266,0.5227741003036499
335,SYS_A,0.2608695652173913,0.1904761904761905,0.2608695652173913,0.6118452548980713,0.714235246181488
336,SYS_A,0.41666666666666663,0.18181818181818185,0.3333333333333333,0.6902672052383423,0.5539783835411072
337,SYS_A,0.47619047619047616,0.2105263157894737,0.380952380952381,0.7669996619224548,0.814852237701416
338,SYS_A,0.3157894736842105,0.0,0.3157894736842105,0.5600306391716003,0.40155988931655884
339,SYS_A,0.15384615384615385,0.0,0.15384615384615385,0.537567675113678,0.5827295780181885
340,SYS_A,0.24000000000000002,0.08695652173913043,0.24000000000000002,0.5999531149864197,0.5765212774276733
341,SYS_A,0.3333333333333333,0.09090909090909093,0.25,0.6634700894355774,0.5446646213531494
342,SYS_A,0.6,0.4444444444444445,0.39999999999999997,0.7037315964698792,0.8489170074462891
343,SYS_A,0.5714285714285715,0.3333333333333333,0.5714285714285715,0.6901171207427979,0.8973404169082642
344,SYS_A,0.75,0.42857142857142855,0.6250000000000001,0.836451530456543,0.9289920330047607
345,SYS_A,0.5217391304347826,0.1904761904761905,0.34782608695652173,0.7688604593276978,0.8244344592094421
346,SYS_A,0.30769230769230765,0.0,0.23076923076923075,0.592981219291687,0.4624982476234436
347,SYS_A,0.1904761904761905,0.10526315789473685,0.1904761904761905,0.5688789486885071,0.4887029826641083
348,SYS_A,0.24000000000000002,0.08695652173913043,0.24000000000000002,0.595233678817749,0.45273157954216003
349,SYS_A,0.47058823529411764,0.39999999999999997,0.47058823529411764,0.6376968622207642,0.41902774572372437
350,SYS_A,0.3529411764705882,0.26666666666666666,0.3529411764705882,0.5888679027557373,0.6550453901290894
351,SYS_A,0.3333333333333333,0.2,0.3333333333333333,0.4742485284805298,0.36642029881477356
352,SYS_A,0.2962962962962963,0.23999999999999996,0.2962962962962963,0.6479949951171875,0.7877258658409119
353,SYS_A,0.18181818181818185,0.1,0.18181818181818185,0.6185241341590881,0.47347408533096313
354,SYS_A,0.5714285714285714,0.3333333333333333,0.5714285714285714,0.7086887955665588,0.8525359630584717
355,SYS_A,0.5217391304347826,0.380952380952381,0.43478260869565216,0.6457038521766663,0.8214918375015259
356,SYS_A,0.4444444444444445,0.0,0.22222222222222224,0.6355916261672974,0.6908687949180603
357,SYS_A,0.3846153846153846,0.24999999999999994,0.3846153846153846,0.6664433479309082,0.7397812008857727
358,SYS_A,0.34782608695652173,0.0,0.17391304347826086,0.5900024771690369,0.6833590269088745
359,SYS_A,0.5,0.1111111111111111,0.4,0.5717138648033142,0.8293546438217163
360,SYS_A,0.5714285714285713,0.3157894736842105,0.5714285714285713,0.7640383839607239,0.7890948057174683
361,SYS_A,0.2608695652173913,0.0,0.17391304347826086,0.5948836803436279,0.6126253008842468
362,SYS_A,0.15384615384615385,0.08333333333333333,0.15384615384615385,0.5845800638198853,0.5531280040740967
363,SYS_A,1.0,1.0,1.0,0.9705952405929565,0.9905170202255249
364,SYS_A,0.6666666666666666,0.5263157894736842,0.6666666666666666,0.7923110127449036,0.8282246589660645
365,SYS_A,0.1904761904761905,0.10526315789473685,0.1904761904761905,0.5225062370300293,0.6989911794662476
366,SYS_A,0.5882352941176471,0.39999999999999997,0.5882352941176471,0.7482641339302063,0.6619933843612671
367,SYS_A,0.625,0.42857142857142855,0.37499999999999994,0.710565984249115,0.8153439164161682
368,SYS_A,0.3,0.2222222222222222,0.3,0.7279321551322937,0.6591007709503174
369,SYS_A,0.4,0.1111111111111111,0.3,0.7369992733001709,0.6799539923667908
370,SYS_A,0.4615384615384615,0.0,0.15384615384615383,0.514001190662384,0.6795670986175537
371,SYS_A,0.0,0.0,0.0,0.4480597972869873,0.3256012797355652
372,SYS_A,0.33333333333333337,0.1818181818181818,0.24999999999999994,0.7004548907279968,0.6881058216094971
373,SYS_A,0.3157894736842105,0.11764705882352941,0.3157894736842105,0.7078611850738525,0.6346293687820435
374,SYS_A,0.625,0.14285714285714285,0.5,0.683940589427948,0.704703152179718
375,SYS_A,0.2222222222222222,0.0,0.1111111111111111,0.5719494223594666,0.5256754755973816
376,SYS_A,0.4444444444444444,0.0,0.3333333333333333,0.5555576682090759,0.5896889567375183
377,SYS_A,0.34782608695652173,0.0,0.17391304347826086,0.7070396542549133,0.7354009747505188
378,SYS_A,0.48000000000000004,0.0,0.24000000000000002,0.6606929302215576,0.7795557975769043
379,SYS_A,0.3333333333333333,0.125,0.3333333333333333,0.5910976529121399,0.561284065246582
380,SYS_A,0.6153846153846153,0.41666666666666663,0.4615384615384615,0.7694435119628906,0.8481221795082092
381,SYS_A,0.2727272727272727,0.19999999999999998,0.2727272727272727,0.689755916595459,0.5434432029724121
382,SYS_A,0.1379310344827586,0.0,0.0689655172413793,0.5292084813117981,0.41524818539619446
383,SYS_A,0.09090909090909093,0.0,0.09090909090909093,0.5570005178451538,0.5224709510803223
384,SYS_A,0.6666666666666666,0.3157894736842105,0.4761904761904762,0.6399877667427063,0.49483010172843933
385,SYS_A,0.5,0.14285714285714288,0.25,0.553989589214325,0.8630770444869995
386,SYS_A,0.5185185185185185,0.16,0.4444444444444444,0.768652081489563,0.7324830293655396
387,SYS_A,0.4210526315789474,0.3529411764705882,0.4210526315789474,0.5997427701950073,0.6458229422569275
388,SYS_A,0.30769230769230765,0.18181818181818182,0.30769230769230765,0.5457931756973267,0.5950055122375488
389,SYS_A,0.125,0.0,0.125,0.5395911931991577,0.35518109798431396
390,SYS_A,0.38095238095238093,0.3157894736842105,0.38095238095238093,0.6439800262451172,0.7496848106384277
391,SYS_A,0.27272727272727276,0.1,0.27272727272727276,0.622988760471344,0.6476553678512573
392,SYS_A,0.07142857142857144,0.0,0.07142857142857144,0.6054052710533142,0.4143354296684265
393,SYS_A,0.3157894736842105,0.11764705882352941,0.3157894736842105,0.6347795128822327,0.46321773529052734
394,SYS_A,0.4999999999999999,0.2727272727272727,0.4999999999999999,0.6939762234687805,0.8525170087814331
395,SYS_A,0.5714285714285715,0.4,0.5714285714285715,0.758717954158783,0.8952358961105347
396,SYS_A,0.6666666666666666,0.37499999999999994,0.5555555555555556,0.7236859798431396,0.8902052640914917
397,SYS_A,0.25,0.0,0.25,0.5863237380981445,0.38486912846565247
398,SYS_A,0.10526315789473684,0.0,0.10526315789473684,0.435046911239624,0.47579047083854675
399,SYS_A,0.7692307692307693,0.5454545454545454,0.7692307692307693,0.7469202280044556,0.8581704497337341
400,SYS_A,0.8333333333333333,0.6363636363636365,0.4999999999999999,0.7408292293548584,0.8115576505661011
401,SYS_A,1.0,1.0,1.0,0.9798740148544312,0.9923313856124878
402,SYS_A,0.32,0.0,0.23999999999999996,0.7277137637138367,0.7141056060791016
403,SYS_A,0.761904761904762,0.4210526315789474,0.761904761904762,0.906546413898468,0.8268194794654846
404,SYS_A,0.2,0.0,0.2,0.5860416293144226,0.6162837147712708
405,SYS_A,0.23529411764705882,0.0,0.11764705882352941,0.5940814018249512,0.5321832895278931
406,SYS_A,0.5714285714285713,0.10526315789473685,0.380952380952381,0.7187390923500061,0.8077038526535034
407,SYS_A,0.4,0.1111111111111111,0.4,0.5947358012199402,0.6313847899436951
408,SYS_A,0.380952380952381,0.2105263157894737,0.380952380952381,0.687529981136322,0.4949691891670227
409,SYS_A,0.46153846153846156,0.25,0.3846153846153846,0.660699725151062,0.7378820180892944
410,SYS_A,0.07692307692307691,0.0,0.07692307692307691,0.42788225412368774,0.08007833361625671
411,SYS_A,0.5625,0.26666666666666666,0.5,0.7573161125183105,0.8921514749526978
412,SYS_A,0.25,0.0,0.16666666666666666,0.5476295948028564,0.4715525805950165
413,SYS_A,0.2222222222222222,0.0,0.2222222222222222,0.5286599397659302,0.4713907241821289
414,SYS_A,0.0,0.0,0.0,0.504159152507782,0.5124717354774475
415,SYS_A,0.5,0.14285714285714285,0.5,0.6367571353912354,0.6457633972167969
416,SYS_A,0.3703703703703704,0.16,0.3703703703703704,0.7265085577964783,0.6690252423286438
417,SYS_A,0.23529411764705882,0.13333333333333333,0.23529411764705882,0.5644227862358093,0.23775094747543335
418,SYS_A,0.4,0.3076923076923077,0.4,0.47961896657943726,0.8069910407066345
419,SYS_A,0.56,0.08695652173913043,0.4,0.7161356806755066,0.7141469717025757
420,SYS_A,0.5333333333333333,0.0,0.26666666666666666,0.6555501222610474,0.6641049385070801
421,SYS_A,0.39999999999999997,0.22222222222222224,0.3,0.6103705167770386,0.575646162033081
422,SYS_A,0.1111111111111111,0.0,0.1111111111111111,0.5278099179267883,0.3421492576599121
423,SYS_A,0.761904761904762,0.4210526315789474,0.5714285714285714,0.8176971673965454,0.788628876209259
424,SYS_A,0.39999999999999997,0.0,0.26666666666666666,0.6277869939804077,0.753491997718811
425,SYS_A,0.5,0.0,0.5,0.6462153792381287,0.6905584931373596
426,SYS_A,0.26666666666666666,0.15384615384615385,0.26666666666666666,0.5798502564430237,0.46398913860321045
427,SYS_A,0.4,0.1111111111111111,0.4,0.5563465356826782,0.5110267400741577
428,SYS_A,0.3529411764705882,0.13333333333333333,0.23529411764705882,0.5826005339622498,0.5754328966140747
429,SYS_A,0.6250000000000001,0.28571428571428575,0.6250000000000001,0.7748864889144897,0.7912159562110901
430,SYS_A,0.1904761904761905,0.0,0.1904761904761905,0.507685661315918,0.6065202951431274
431,SYS_A,0.4347826086956522,0.09523809523809525,0.2608695652173913,0.6232062578201294,0.7854098081588745
432,SYS_A,0.7142857142857143,0.6666666666666666,0.7142857142857143,0.7325756549835205,0.8065346479415894
433,SYS_A,0.5,0.1111111111111111,0.3,0.683387279510498,0.7983747124671936
434,SYS_A,0.24000000000000002,0.08695652173913043,0.16,0.6171489953994751,0.7697533369064331
435,SYS_A,0.19047619047619047,0.0,0.19047619047619047,0.5542715191841125,0.6019037365913391
436,SYS_A,0.34782608695652173,0.1904761904761905,0.34782608695652173,0.6383925676345825,0.6410677433013916
437,SYS_A,0.19047619047619047,0.0,0.19047619047619047,0.527393102645874,0.46357017755508423
438,SYS_A,0.761904761904762,0.631578947368421,0.761904761904762,0.7757642865180969,0.6138224601745605
439,SYS_A,0.3333333333333333,0.0,0.3333333333333333,0.6070212721824646,0.6063610315322876
440,SYS_A,0.2105263157894737,0.0,0.10526315789473685,0.5524342060089111,0.7043198347091675
441,SYS_A,0.6363636363636365,0.39999999999999997,0.6363636363636365,0.7254324555397034,0.7981494665145874
442,SYS_A,0.33333333333333326,0.125,0.33333333333333326,0.6898385882377625,0.7170844078063965
443,SYS_A,0.7000000000000001,0.5555555555555556,0.7000000000000001,0.7599881887435913,0.8084383010864258
444,SYS_A,0.25000000000000006,0.14285714285714288,0.25000000000000006,0.5252323746681213,0.6979624032974243
445,SYS_A,0.6,0.4444444444444445,0.6,0.7921184301376343,0.7804179191589355
446,SYS_A,0.2857142857142857,0.0,0.14285714285714285,0.5597376227378845,0.332701176404953
447,SYS_A,0.6086956521739131,0.28571428571428564,0.6086956521739131,0.7154667377471924,0.5255115628242493
448,SYS_A,0.4615384615384615,0.36363636363636365,0.4615384615384615,0.6587063074111938,0.7946592569351196
449,SYS_A,0.33333333333333326,0.0,0.22222222222222224,0.568770706653595,0.6117676496505737
450,SYS_A,0.5,0.28571428571428575,0.25,0.6484708786010742,0.5804076790809631
451,SYS_A,0.2857142857142857,0.0,0.21428571428571427,0.5993096828460693,0.7047553062438965
452,SYS_A,0.4444444444444445,0.16,0.3703703703703704,0.7626849412918091,0.912545382976532
453,SYS_A,0.2105263157894737,0.0,0.10526315789473685,0.5235792398452759,0.5748608112335205
454,SYS_A,0.4,0.08695652173913043,0.32,0.5883963704109192,0.28111666440963745
455,SYS_A,0.6000000000000001,0.28571428571428575,0.4666666666666667,0.7011423110961914,0.6104492545127869
456,SYS_A,0.7407407407407408,0.56,0.6666666666666665,0.8187683820724487,0.6851268410682678
457,SYS_A,0.56,0.26086956521739135,0.56,0.7121434807777405,0.7788944244384766
458,SYS_A,0.5185185185185185,0.16,0.2962962962962963,0.7727278470993042,0.8758759498596191
459,SYS_A,0.3,0.2222222222222222,0.3,0.6595130562782288,0.7352317571640015
460,SYS_A,0.7000000000000001,0.2222222222222222,0.6,0.7723428606987,0.6392027139663696
461,SYS_A,0.4,0.08695652173913043,0.23999999999999996,0.6335541605949402,0.804931104183197
462,SYS_A,0.3529411764705882,0.13333333333333333,0.23529411764705882,0.7021692395210266,0.7506287693977356
463,SYS_A,0.5263157894736842,0.11764705882352941,0.4210526315789474,0.6536577939987183,0.8362782001495361
464,SYS_A,0.3,0.1111111111111111,0.3,0.6869801878929138,0.8031298518180847
465,SYS_A,0.3,0.1111111111111111,0.3,0.5751977562904358,0.6680395603179932
466,SYS_A,0.2,0.0,0.2,0.564021646976471,0.6267024278640747
467,SYS_A,0.4166666666666667,0.18181818181818182,0.25,0.6241552829742432,0.711785078048706
468,SYS_A,0.5,0.28571428571428575,0.25,0.6772534251213074,0.8645656108856201
469,SYS_A,0.34782608695652173,0.28571428571428575,0.34782608695652173,0.6285380721092224,0.6383249759674072
470,SYS_A,0.0,0.0,0.0,0.47873637080192566,0.27765941619873047
471,SYS_A,0.375,0.14285714285714288,0.25,0.5745682716369629,0.3585357964038849
472,SYS_A,0.4444444444444444,0.25,0.3333333333333333,0.6169081926345825,0.7675387263298035
473,SYS_A,0.7368421052631577,0.5882352941176471,0.7368421052631577,0.7264795303344727,0.6445260047912598
474,SYS_A,0.32,0.08695652173913043,0.24,0.5190756916999817,0.4688602387905121
475,SYS_A,0.2608695652173913,0.1904761904761905,0.2608695652173913,0.5998997688293457,0.6780238747596741
476,SYS_A,0.3529411764705882,0.0,0.23529411764705885,0.5925424695014954,0.6497732996940613
477,SYS_A,0.34782608695652173,0.1904761904761905,0.2608695652173913,0.5892256498336792,0.7638146281242371
478,SYS_A,0.4,0.1111111111111111,0.3,0.6531203985214233,0.6505692005157471
479,SYS_A,0.32,0.08695652173913043,0.24000000000000002,0.6384539008140564,0.6835387945175171
480,SYS_A,0.5,0.33333333333333326,0.5,0.8422451615333557,0.8730483055114746
481,SYS_A,0.4615384615384615,0.3636363636363636,0.4615384615384615,0.6110564470291138,0.5462957620620728
482,SYS_A,0.33333333333333337,0.1818181818181818,0.33333333333333337,0.6080632209777832,0.7135331034660339
483,SYS_A,0.23999999999999996,0.08695652173913043,0.16,0.508502185344696,0.5022473335266113
484,SYS_A,0.380952380952381,0.2105263157894737,0.380952380952381,0.7177606225013733,0.44968271255493164
485,SYS_A,0.34782608695652173,0.09523809523809525,0.2608695652173913,0.5657105445861816,0.6524732708930969
486,SYS_A,0.09523809523809522,0.0,0.09523809523809522,0.5788668394088745,0.5189681649208069
487,SYS_A,0.30769230769230765,0.0,0.15384615384615383,0.6644951105117798,0.6405038833618164
488,SYS_A,0.42857142857142855,0.07692307692307691,0.21428571428571427,0.6448054909706116,0.7078298330307007
489,SYS_A,0.7826086956521738,0.380952380952381,0.6956521739130435,0.7974286079406738,0.8154833316802979
490,SYS_A,0.5454545454545454,0.5,0.5454545454545454,0.6153445839881897,0.8573592901229858
491,SYS_A,0.16666666666666666,0.0,0.08333333333333333,0.5487934350967407,0.6068558692932129
492,SYS_A,1.0,1.0,1.0,1.0,1.0000001192092896
493,SYS_A,0.2727272727272727,0.0,0.1818181818181818,0.623710036277771,0.7315472364425659
494,SYS_A,0.375,0.14285714285714288,0.25,0.5970609188079834,0.6454246640205383
495,SYS_A,0.64,0.5217391304347826,0.56,0.689005970954895,0.8025470972061157
496,SYS_A,0.8421052631578948,0.588235294117647,0.7368421052631579,0.7895397543907166,0.8789205551147461
497,SYS_A,0.5217391304347826,0.380952380952381,0.34782608695652173,0.7581843137741089,0.7548099756240845
498,SYS_A,0.39999999999999997,0.11111111111111112,0.39999999999999997,0.7124004364013672,0.627631664276123
499,SYS_A,0.3157894736842105,0.11764705882352941,0.3157894736842105,0.668239176273346,0.7976962327957153
500,SYS_A,0.2727272727272727,0.1,0.2727272727272727,0.5273290872573853,0.5171834826469421
501,SYS_A,0.48000000000000004,0.0,0.16,0.6666713356971741,0.48100411891937256
502,SYS_A,0.3529411764705882,0.13333333333333333,0.3529411764705882,0.6472097039222717,0.6106646656990051
503,SYS_A,0.3333333333333333,0.125,0.3333333333333333,0.6778542995452881,0.46499019861221313
504,SYS_A,0.3333333333333333,0.2,0.3333333333333333,0.605738639831543,0.6821111440658569
505,SYS_A,0.6923076923076923,0.5833333333333334,0.5384615384615385,0.7646833062171936,0.8740235567092896
506,SYS_A,0.25,0.0,0.16666666666666666,0.5504968762397766,0.5368894338607788
507,SYS_A,0.6666666666666666,0.5000000000000001,0.6666666666666666,0.7306785583496094,0.6986749172210693
508,SYS_A,0.9411764705882353,0.9333333333333333,0.9411764705882353,0.9152076244354248,0.8460143804550171
509,SYS_A,0.3157894736842105,0.11764705882352941,0.2105263157894737,0.552239716053009,0.5440888404846191
510,SYS_A,0.47058823529411764,0.26666666666666666,0.47058823529411764,0.7719897627830505,0.8258746862411499
511,SYS_A,0.4210526315789474,0.0,0.2105263157894737,0.6974765062332153,0.6947680711746216
512,SYS_A,0.5333333333333333,0.15384615384615383,0.39999999999999997,0.628190279006958,0.8838681578636169
513,SYS_A,0.24000000000000002,0.0,0.08,0.5043679475784302,0.616388738155365
514,SYS_A,0.5454545454545454,0.20000000000000004,0.2727272727272727,0.6892131567001343,0.6991246938705444
515,SYS_A,0.11764705882352941,0.0,0.11764705882352941,0.4234411120414734,0.38004156947135925
516,SYS_A,0.4210526315789473,0.23529411764705882,0.4210526315789473,0.6070641875267029,0.7533655762672424
517,SYS_A,0.09523809523809525,0.0,0.09523809523809525,0.4822031259536743,0.30955079197883606
518,SYS_A,0.5833333333333334,0.45454545454545453,0.5833333333333334,0.7602119445800781,0.8412181735038757
519,SYS_A,0.32,0.17391304347826086,0.23999999999999996,0.6841529607772827,0.7027217149734497
520,SYS_A,0.6,0.1111111111111111,0.5,0.6999121308326721,0.8345862627029419
521,SYS_A,0.25,0.14285714285714288,0.25,0.6431533694267273,0.6499598026275635
522,SYS_A,0.5384615384615384,0.25,0.5384615384615384,0.727242112159729,0.7135574817657471
523,SYS_A,0.5714285714285715,0.0,0.380952380952381,0.5431784391403198,0.5856784582138062
524,SYS_A,0.5,0.07692307692307691,0.35714285714285715,0.6511618494987488,0.6873453259468079
525,SYS_A,0.25,0.0,0.125,0.5127400159835815,0.6349323391914368
526,SYS_A,0.380952380952381,0.0,0.1904761904761905,0.6433089375495911,0.6720565557479858
527,SYS_A,0.3157894736842105,0.11764705882352941,0.3157894736842105,0.5188321471214294,0.5456333160400391
528,SYS_A,0.4,0.17391304347826086,0.4,0.5672413110733032,0.7057669758796692
529,SYS_A,0.11764705882352941,0.0,0.11764705882352941,0.48670077323913574,0.2838391661643982
530,SYS_A,0.5333333333333333,0.3076923076923077,0.5333333333333333,0.669849157333374,0.7600589394569397
531,SYS_A,0.75,0.6666666666666666,0.75,0.7156444787979126,0.7609344720840454
532,SYS_A,0.2608695652173913,0.0,0.17391304347826086,0.579165518283844,0.6919696927070618
533,SYS_A,0.5454545454545454,0.5,0.5454545454545454,0.5900232791900635,0.7976153492927551
534,SYS_A,0.2105263157894737,0.0,0.2105263157894737,0.5461118221282959,0.5295876860618591
535,SYS_A,0.6666666666666666,0.46153846153846156,0.4,0.7865099906921387,0.928372323513031
536,SYS_A,0.3157894736842105,0.11764705882352941,0.3157894736842105,0.6307657361030579,0.7353880405426025
537,SYS_A,0.6666666666666666,0.10526315789473685,0.28571428571428564,0.7284305095672607,0.69866943359375
538,SYS_A,0.5454545454545454,0.09999999999999999,0.45454545454545453,0.6355793476104736,0.6693333387374878
539,SYS_A,0.23529411764705882,0.13333333333333333,0.23529411764705882,0.6757990121841431,0.7750954627990723
540,SYS_A,0.5,0.36363636363636365,0.5,0.7924166917800903,0.8308103680610657
541,SYS_A,0.2608695652173913,0.0,0.17391304347826086,0.5888073444366455,0.6853770017623901
542,SYS_A,0.9333333333333333,0.923076923076923,0.9333333333333333,0.8086013197898865,0.7750407457351685
543,SYS_A,0.5,0.0,0.3,0.6091090440750122,0.5416480898857117
544,SYS_A,0.38461538461538464,0.16666666666666669,0.23076923076923075,0.5982208847999573,0.7337055206298828
545,SYS_A,0.6363636363636364,0.5,0.6363636363636364,0.7728638648986816,0.8594269752502441
546,SYS_A,0.1904761904761905,0.10526315789473685,0.1904761904761905,0.6119359731674194,0.5549655556678772
547,SYS_A,0.23529411764705885,0.0,0.11764705882352942,0.5971857309341431,0.6568073034286499
548,SYS_A,0.4210526315789474,0.23529411764705882,0.4210526315789474,0.6546044945716858,0.6335631608963013
549,SYS_A,0.35294117647058826,0.13333333333333333,0.35294117647058826,0.7173600792884827,0.7830439805984497
550,SYS_A,0.2857142857142857,0.16666666666666666,0.2857142857142857,0.5579994320869446,0.42042917013168335
551,SYS_A,0.34782608695652173,0.09523809523809525,0.2608695652173913,0.6101883053779602,0.634066641330719
552,SYS_A,0.5,0.0,0.19999999999999998,0.643152117729187,0.74485182762146
553,SYS_A,0.25,0.0,0.125,0.5676892995834351,0.42939499020576477
554,SYS_A,0.24999999999999994,0.0909090909090909,0.24999999999999994,0.5708199143409729,0.6329230070114136
555,SYS_A,0.28571428571428564,0.10526315789473685,0.28571428571428564,0.6562146544456482,0.5153990983963013
556,SYS_A,0.5833333333333334,0.2727272727272727,0.5833333333333334,0.6790503859519958,0.452534019947052
557,SYS_A,0.5263157894736842,0.23529411764705885,0.5263157894736842,0.7102031707763672,0.6965953707695007
558,SYS_A,0.16,0.0,0.16,0.5883082151412964,0.6936041116714478
559,SYS_A,0.5333333333333333,0.30769230769230765,0.4,0.681573212146759,0.7006298303604126
560,SYS_A,0.23529411764705882,0.13333333333333333,0.23529411764705882,0.5804176330566406,0.6728285551071167
561,SYS_A,0.7272727272727272,0.6,0.7272727272727272,0.8523080945014954,0.8512309789657593
562,SYS_A,0.5882352941176471,0.5333333333333333,0.5882352941176471,0.7231555581092834,0.8172716498374939
563,SYS_A,0.17391304347826086,0.0,0.17391304347826086,0.6167337894439697,0.586513340473175
564,SYS_A,0.39999999999999997,0.11111111111111112,0.39999999999999997,0.5650237798690796,0.5776604413986206
565,SYS_A,0.5217391304347826,0.09523809523809525,0.34782608695652173,0.6420477032661438,0.6703963279724121
566,SYS_A,0.2105263157894737,0.0,0.2105263157894737,0.5273234844207764,0.5651131868362427
567,SYS_A,0.3846153846153846,0.08333333333333334,0.3846153846153846,0.5725856423377991,0.6314303874969482
568,SYS_A,0.47619047619047616,0.2105263157894737,0.47619047619047616,0.8073625564575195,0.8966558575630188
569,SYS_A,0.5185185185185186,0.32,0.5185185185185186,0.7854654788970947,0.770204484462738
570,SYS_A,0.22222222222222224,0.0,0.11111111111111112,0.5183388590812683,0.5678257942199707
571,SYS_A,0.0,0.0,0.0,0.42668357491493225,0.24048107862472534
572,SYS_A,0.5217391304347826,0.2857142857142857,0.5217391304347826,0.6608752608299255,0.6615603566169739
573,SYS_A,0.5454545454545454,0.09999999999999999,0.2727272727272727,0.7018343806266785,0.6412506103515625
574,SYS_A,0.16,0.0,0.16,0.6127892732620239,0.5711613893508911
575,SYS_A,0.5454545454545454,0.22222222222222224,0.5454545454545454,0.6829712986946106,0.5779932737350464
576,SYS_A,0.6153846153846153,0.24999999999999994,0.23076923076923075,0.6937697529792786,0.9009222984313965
577,SYS_A,0.3,0.0,0.3,0.6954523324966431,0.7034322023391724
578,SYS_A,0.2727272727272727,0.09999999999999999,0.1818181818181818,0.5204513669013977,0.6013485789299011
579,SYS_A,0.5454545454545454,0.0,0.36363636363636365,0.5899583101272583,0.6638054847717285
580,SYS_A,0.2962962962962963,0.24,0.2962962962962963,0.6441957950592041,0.7419495582580566
581,SYS_A,0.5,0.14285714285714288,0.375,0.5660357475280762,0.6511409878730774
582,SYS_A,0.4615384615384615,0.24999999999999994,0.30769230769230765,0.634233295917511,0.8204038739204407
583,SYS_A,0.5,0.33333333333333326,0.5,0.6942089200019836,0.7855610251426697
584,SYS_A,0.7272727272727272,0.6666666666666665,0.7272727272727272,0.6704344749450684,0.6927423477172852
585,SYS_A,0.3529411764705882,0.26666666666666666,0.3529411764705882,0.5918328762054443,0.7593909502029419
586,SYS_A,0.28571428571428575,0.0,0.28571428571428575,0.56187903881073,0.4959290623664856
587,SYS_A,0.33333333333333337,0.0909090909090909,0.33333333333333337,0.6043182015419006,0.7334266304969788
588,SYS_A,0.3870967741935484,0.13793103448275862,0.3225806451612903,0.5922607183456421,0.6824929714202881
589,SYS_A,0.5000000000000001,0.14285714285714288,0.25000000000000006,0.5581487417221069,0.7289364337921143
590,SYS_A,0.47058823529411764,0.26666666666666666,0.47058823529411764,0.6262468099594116,0.391396701335907
591,SYS_A,0.19047619047619044,0.0,0.09523809523809522,0.534083902835846,0.3910207152366638
592,SYS_A,0.27586206896551724,0.0,0.13793103448275862,0.5987607836723328,0.49733683466911316
593,SYS_A,0.3333333333333333,0.18181818181818182,0.3333333333333333,0.6367784142494202,0.6016432642936707
594,SYS_A,0.5,0.0,0.25,0.6547155976295471,0.68377685546875
595,SYS_A,0.5,0.33333333333333326,0.5,0.8148125410079956,0.8231732845306396
596,SYS_A,0.4615384615384615,0.3636363636363636,0.4615384615384615,0.6039751172065735,0.8530633449554443
597,SYS_A,0.42857142857142855,0.0,0.42857142857142855,0.6996811628341675,0.7515450716018677
598,SYS_A,0.608695652173913,0.380952380952381,0.608695652173913,0.6435839533805847,0.8691626787185669
599,SYS_A,0.5333333333333333,0.15384615384615383,0.39999999999999997,0.7824288606643677,0.8111814260482788
0,SYS_B,0.4230769230769231,0.4,0.4230769230769231,0.687900722026825,0.8860422372817993
1,SYS_B,0.12903225806451613,0.0,0.0967741935483871,0.489438533782959,0.43448618054389954
2,SYS_B,0.09523809523809525,0.0,0.09523809523809525,0.49884217977523804,0.4648199677467346
3,SYS_B,0.33333333333333337,0.07142857142857144,0.26666666666666666,0.6904451847076416,0.7536888122558594
4,SYS_B,0.2,0.0,0.1,0.48384448885917664,0.5055465698242188
5,SYS_B,0.21052631578947367,0.11764705882352941,0.21052631578947367,0.7051476240158081,0.6089650392532349
6,SYS_B,0.21538461538461542,0.03174603174603175,0.12307692307692307,0.5589778423309326,0.487510621547699
7,SYS_B,0.0,0.0,0.0,0.46507805585861206,0.19170963764190674
8,SYS_B,0.5714285714285715,0.4,0.5714285714285715,0.6225312948226929,0.7839473485946655
9,SYS_B,,,,,
10,SYS_B,0.2790697674418604,0.0975609756097561,0.23255813953488377,0.6267988681793213,0.7363680601119995
11,SYS_B,0.06666666666666667,0.0,0.06666666666666667,0.5193330645561218,0.16566845774650574
12,SYS_B,0.14285714285714288,0.0,0.10714285714285714,0.4914492964744568,0.5561457276344299
13,SYS_B,0.4166666666666667,0.2727272727272727,0.4166666666666667,0.4668581485748291,0.47363871335983276
14,SYS_B,0.19047619047619044,0.0,0.19047619047619044,0.5205819606781006,0.3746451735496521
15,SYS_B,0.33333333333333326,0.058823529411764705,0.2777777777777778,0.6148771643638611,0.5488475561141968
16,SYS_B,0.4680851063829787,0.22222222222222224,0.3829787234042553,0.6437094807624817,0.6745322942733765
17,SYS_B,0.39999999999999997,0.08333333333333334,0.19999999999999998,0.5710267424583435,0.6958165764808655
18,SYS_B,0.3902439024390244,0.10256410256410256,0.24390243902439027,0.6052410006523132,0.7075159549713135
19,SYS_B,0.4615384615384615,0.24999999999999994,0.3846153846153846,0.7144420146942139,0.8119205832481384
20,SYS_B,0.3673469387755102,0.2127659574468085,0.326530612244898,0.6951724290847778,0.5636209845542908
21,SYS_B,0.6153846153846153,0.41666666666666663,0.5384615384615385,0.8318540453910828,0.8692246675491333
22,SYS_B,0.41379310344827586,0.37037037037037035,0.41379310344827586,0.6653278470039368,0.8458873629570007
23,SYS_B,0.31250000000000006,0.1935483870967742,0.31250000000000006,0.6784555315971375,0.6093155145645142
24,SYS_B,0.2857142857142857,0.12765957446808512,0.163265306122449,0.6020503044128418,0.7318923473358154
25,SYS_B,0.22641509433962265,0.039215686274509796,0.15094339622641512,0.5919022560119629,0.5403568744659424
26,SYS_B,0.28571428571428575,0.0,0.28571428571428575,0.6874512434005737,0.5720347166061401
27,SYS_B,0.14814814814814814,0.0,0.07407407407407407,0.4753028452396393,0.533397912979126
28,SYS_B,0.17142857142857143,0.0606060606060606,0.11428571428571428,0.5786252021789551,0.5889845490455627
29,SYS_B,0.1904761904761905,0.10526315789473685,0.1904761904761905,0.539073646068573,0.267907053232193
30,SYS_B,0.4761904761904762,0.0,0.2857142857142857,0.683775782585144,0.7719438076019287
31,SYS_B,0.7272727272727273,0.6451612903225806,0.7272727272727273,0.8017136454582214,0.6741114258766174
32,SYS_B,0.4878048780487805,0.35897435897435903,0.4878048780487805,0.7234092950820923,0.8532304763793945
33,SYS_B,0.4444444444444444,0.29411764705882354,0.4444444444444444,0.6405261158943176,0.6628506183624268
34,SYS_B,0.0,0.0,0.0,0.32450687885284424,0.05615478754043579
35,SYS_B,0.8148148148148148,0.8,0.8148148148148148,0.8933321833610535,0.7684706449508667
36,SYS_B,0.13333333333333333,0.0,0.13333333333333333,0.38851574063301086,-0.00886029563844204
37,SYS_B,0.2857142857142857,0.0,0.2857142857142857,0.5440104007720947,0.3803389072418213
38,SYS_B,0.1290322580645161,0.0,0.06451612903225805,0.5130299925804138,0.45993977785110474
39,SYS_B,0.3,0.10526315789473685,0.2,0.584284245967865,0.7604368925094604
40,SYS_B,0.2631578947368421,0.0,0.21052631578947364,0.6167114973068237,0.4418535828590393
41,SYS_B,0.3508771929824561,0.18181818181818182,0.3508771929824561,0.6757698059082031,0.847443163394928
42,SYS_B,0.21538461538461542,0.03174603174603175,0.15384615384615385,0.6254045963287354,0.490573912858963
43,SYS_B,0.5625,0.26666666666666666,0.5,0.6587236523628235,0.6260676383972168
44,SYS_B,0.3389830508474576,0.17543859649122806,0.2711864406779661,0.63923579454422,0.7858554124832153
45,SYS_B,0.34374999999999994,0.1935483870967742,0.28124999999999994,0.645959198474884,0.7407763600349426
46,SYS_B,0.36,0.08333333333333333,0.24000000000000002,0.4998779892921448,0.8262457847595215
47,SYS_B,0.29629629629629634,0.08,0.22222222222222224,0.562290370464325,0.6439298987388611
48,SYS_B,0.4126984126984127,0.32786885245901637,0.4126984126984127,0.6956113576889038,0.4863395690917969
49,SYS_B,0.46153846153846156,0.37837837837837834,0.46153846153846156,0.6993535757064819,0.3617672622203827
50,SYS_B,0.34146341463414637,0.15384615384615383,0.2926829268292683,0.613561749458313,0.8039658069610596
51,SYS_B,0.4583333333333333,0.26086956521739135,0.20833333333333334,0.6482818126678467,0.7288049459457397
52,SYS_B,0.2926829268292683,0.05128205128205127,0.24390243902439027,0.5300121903419495,0.5430359840393066
53,SYS_B,0.0,0.0,0.0,0.5881372690200806,0.6170862913131714
54,SYS_B,0.8695652173913044,0.6666666666666666,0.8695652173913044,0.8773244023323059,0.9701558947563171
55,SYS_B,0.12903225806451613,0.0,0.12903225806451613,0.5720334053039551,0.4556119740009308
56,SYS_B,0.25806451612903225,0.0,0.25806451612903225,0.6165801286697388,0.6147511005401611
57,SYS_B,0.2,0.0,0.13333333333333333,0.5326573252677917,0.4278058707714081
58,SYS_B,0.33333333333333337,0.07142857142857144,0.26666666666666666,0.661216676235199,0.7899937629699707
59,SYS_B,0.26666666666666666,0.0,0.26666666666666666,0.5065199136734009,0.685279905796051
60,SYS_B,0.14285714285714288,0.05,0.14285714285714288,0.5153441429138184,0.44058817625045776
61,SYS_B,0.2105263157894737,0.11764705882352942,0.2105263157894737,0.6517063975334167,0.6280428171157837
62,SYS_B,0.3548387096774194,0.26666666666666666,0.3548387096774194,0.6253372430801392,0.6365800499916077
63,SYS_B,0.368421052631579,0.16666666666666666,0.26315789473684215,0.5903261303901672,0.6092808246612549
64,SYS_B,0.15384615384615385,0.0,0.15384615384615385,0.4869363009929657,0.5673809051513672
65,SYS_B,0.13333333333333333,0.0,0.13333333333333333,0.5307283997535706,0.40413832664489746
66,SYS_B,0.3870967741935483,0.0,0.3225806451612903,0.6126588582992554,0.6223706603050232
67,SYS_B,0.611111111111111,0.5294117647058824,0.611111111111111,0.7371247410774231,0.5267477035522461
68,SYS_B,0.46153846153846156,0.25,0.46153846153846156,0.6757127642631531,0.7280182838439941
69,SYS_B,0.1818181818181818,0.0,0.1818181818181818,0.6346657276153564,0.5581601858139038
70,SYS_B,0.09523809523809525,0.0,0.09523809523809525,0.5113829374313354,0.29503995180130005
71,SYS_B,0.24,0.16666666666666666,0.24,0.6058304905891418,0.3975496292114258
72,SYS_B,0.07692307692307691,0.0,0.07692307692307691,0.5382729172706604,0.4908420443534851
73,SYS_B,0.25,0.13333333333333333,0.25,0.5703899264335632,0.39235860109329224
74,SYS_B,0.3428571428571428,0.12121212121212123,0.2857142857142857,0.6185961961746216,0.6185850501060486
75,SYS_B,0.11594202898550722,0.0,0.08695652173913043,0.46767789125442505,0.566565752029419
76,SYS_B,0.11764705882352941,0.0,0.11764705882352941,0.4954027533531189,0.2927549183368683
77,SYS_B,0.25,0.15789473684210528,0.25,0.5821444988250732,0.714637279510498
78,SYS_B,0.13333333333333333,0.0,0.1,0.4892190992832184,0.5969250202178955
79,SYS_B,0.29629629629629634,0.08,0.22222222222222224,0.6007454991340637,0.5730322599411011
80,SYS_B,0.0,0.0,0.0,0.5595499277114868,0.34297704696655273
81,SYS_B,0.6153846153846155,0.5405405405405406,0.6153846153846155,0.7488781809806824,0.6976526975631714
82,SYS_B,0.2857142857142857,0.14705882352941177,0.2857142857142857,0.6669802665710449,0.8423768281936646
83,SYS_B,0.07407407407407408,0.0,0.07407407407407408,0.47263088822364807,0.34485697746276855
84,SYS_B,0.24242424242424246,0.12903225806451613,0.18181818181818182,0.6466118097305298,0.6612606048583984
85,SYS_B,0.08695652173913045,0.0,0.08695652173913045,0.48323193192481995,0.4131207764148712
86,SYS_B,0.6363636363636364,0.6190476190476191,0.6363636363636364,0.8256065249443054,0.8592363595962524
87,SYS_B,0.4166666666666667,0.18181818181818182,0.4166666666666667,0.7354114055633545,0.5782420635223389
88,SYS_B,0.29166666666666663,0.13043478260869568,0.29166666666666663,0.5628201961517334,0.7294188141822815
89,SYS_B,0.6666666666666666,0.4210526315789474,0.6666666666666666,0.8007185459136963,0.901722252368927
90,SYS_B,0.4848484848484849,0.19354838709677416,0.4242424242424242,0.6725197434425354,0.7293667793273926
91,SYS_B,0.1111111111111111,0.0,0.1111111111111111,0.49778661131858826,0.22714664041996002
92,SYS_B,0.2702702702702703,0.05714285714285715,0.21621621621621623,0.6164911985397339,0.7503594160079956
93,SYS_B,1.0,1.0,1.0,0.9901029467582703,0.9069511890411377
94,SYS_B,0.2222222222222222,0.08,0.2222222222222222,0.6131303906440735,0.5898109078407288
95,SYS_B,0.1724137931034483,0.0,0.13793103448275862,0.5737133622169495,0.6340668201446533
96,SYS_B,0.4406779661016949,0.14035087719298245,0.20338983050847456,0.5955073833465576,0.7870814800262451
97,SYS_B,0.20000000000000004,0.0,0.20000000000000004,0.6099329590797424,0.6097590923309326
98,SYS_B,0.36363636363636365,0.0,0.18181818181818182,0.6395899653434753,0.7102817893028259
99,SYS_B,0.392156862745098,0.326530612244898,0.392156862745098,0.6685792803764343,0.8870402574539185
100,SYS_B,0.5714285714285715,0.30769230769230765,0.5,0.8319061994552612,0.9165933132171631
101,SYS_B,0.8799999999999999,0.7826086956521738,0.8799999999999999,0.9563076496124268,0.9295014142990112
102,SYS_B,0.22222222222222224,0.0,0.22222222222222224,0.724873960018158,0.7348710298538208
103,SYS_B,0.5294117647058824,0.12500000000000003,0.411764705882353,0.7415663003921509,0.636441707611084
104,SYS_B,0.25,0.09090909090909091,0.25,0.5618788599967957,0.5636215209960938
105,SYS_B,0.38461538461538464,0.27999999999999997,0.34615384615384615,0.6762212514877319,0.4434036612510681
106,SYS_B,0.27586206896551724,0.0,0.10344827586206896,0.5666729807853699,0.6434690952301025
107,SYS_B,0.5,0.4,0.5,0.638229489326477,0.5746035575866699
108,SYS_B,0.25,0.18181818181818182,0.25,0.6140247583389282,0.5868520140647888
109,SYS_B,0.4,0.25,0.4,0.7017934918403625,0.7270038723945618
110,SYS_B,0.21052631578947367,0.0,0.10526315789473684,0.4815528988838196,0.4918052554130554
111,SYS_B,0.15625,0.0967741935483871,0.09375,0.5331180095672607,0.566205620765686
112,SYS_B,0.3478260869565218,0.13636363636363635,0.21739130434782608,0.6194134950637817,0.8477803468704224
113,SYS_B,0.25,0.03703703703703704,0.21428571428571427,0.5558063983917236,0.7570024132728577
114,SYS_B,0.15384615384615385,0.0,0.15384615384615385,0.4948297441005707,0.5504817962646484
115,SYS_B,0.3333333333333333,0.1818181818181818,0.3333333333333333,0.6101797819137573,0.45702677965164185
116,SYS_B,0.13333333333333333,0.0,0.06666666666666667,0.5183386206626892,0.4095439910888672
117,SYS_B,0.303030303030303,0.1935483870967742,0.303030303030303,0.6804473996162415,0.688424289226532
118,SYS_B,0.2222222222222222,0.058823529411764705,0.2222222222222222,0.41336455941200256,0.454035222530365
119,SYS_B,0.39344262295081966,0.13559322033898305,0.22950819672131142,0.6460394859313965,0.6370333433151245
120,SYS_B,0.4324324324324324,0.4,0.4324324324324324,0.6928845643997192,0.5360296964645386
121,SYS_B,0.2222222222222222,0.16,0.2222222222222222,0.6319688558578491,0.5488353371620178
122,SYS_B,0.15384615384615383,0.0,0.07692307692307691,0.5293020606040955,0.26609963178634644
123,SYS_B,0.21818181818181817,0.07547169811320754,0.21818181818181817,0.6064972281455994,0.8374232053756714
124,SYS_B,0.40816326530612246,0.21276595744680854,0.28571428571428575,0.7402821183204651,0.662745475769043
125,SYS_B,0.08695652173913043,0.0,0.08695652173913043,0.42082372307777405,-0.006609644740819931
126,SYS_B,0.1724137931034483,0.10714285714285714,0.1724137931034483,0.5914706587791443,0.7480186820030212
127,SYS_B,0.6046511627906976,0.5365853658536586,0.6046511627906976,0.7598350048065186,0.9307913780212402
128,SYS_B,0.0,0.0,0.0,0.3628615736961365,0.14813409745693207
129,SYS_B,0.5499999999999999,0.3684210526315789,0.45,0.6790614128112793,0.5342011451721191
130,SYS_B,0.0,0.0,0.0,0.47727400064468384,0.22856548428535461
131,SYS_B,0.2033898305084746,0.14035087719298248,0.16949152542372883,0.5787963271141052,0.559012770652771
132,SYS_B,0.23529411764705885,0.0625,0.23529411764705885,0.5803703665733337,0.4234858453273773
133,SYS_B,0.2,0.041666666666666664,0.16,0.5633082389831543,0.567144513130188
134,SYS_B,0.25000000000000006,0.06666666666666667,0.12500000000000003,0.5844666361808777,0.640528678894043
135,SYS_B,0.2285714285714286,0.06060606060606061,0.2285714285714286,0.5932844877243042,0.7221739292144775
136,SYS_B,0.2857142857142857,0.15384615384615383,0.21428571428571427,0.6509546041488647,0.8375728130340576
137,SYS_B,0.3703703703703704,0.32,0.3703703703703704,0.5681720972061157,0.7724249362945557
138,SYS_B,0.17777777777777776,0.09302325581395349,0.17777777777777776,0.49956902861595154,0.8605817556381226
139,SYS_B,0.6666666666666666,0.625,0.6666666666666666,0.7076578140258789,0.7530942559242249
140,SYS_B,0.7857142857142858,0.7692307692307693,0.7857142857142858,0.8497425317764282,0.9020518064498901
141,SYS_B,0.39344262295081966,0.23728813559322032,0.32786885245901637,0.6052156686782837,0.7945275902748108
142,SYS_B,0.4137931034482759,0.35714285714285715,0.4137931034482759,0.6830958127975464,0.8191827535629272
143,SYS_B,0.36363636363636365,0.0,0.36363636363636365,0.6708215475082397,0.4878055453300476
144,SYS_B,0.41791044776119407,0.36923076923076925,0.41791044776119407,0.7195003032684326,0.8885878324508667
145,SYS_B,0.2,0.0,0.2,0.5736070871353149,0.4530061185359955
146,SYS_B,0.07407407407407408,0.0,0.07407407407407408,0.3552207946777344,0.1851327121257782
147,SYS_B,0.1639344262295082,0.10169491525423728,0.1311475409836066,0.5885105729103088,0.6076822280883789
148,SYS_B,0.10526315789473685,0.0,0.10526315789473685,0.47574901580810547,0.6120493412017822
149,SYS_B,0.6666666666666667,0.5161290322580646,0.6666666666666667,0.8249140381813049,0.6409372687339783
150,SYS_B,0.28571428571428575,0.07407407407407407,0.21428571428571427,0.6545423269271851,0.8079224824905396
151,SYS_B,0.0,0.0,0.0,0.4433147609233856,0.1636902391910553
152,SYS_B,0.2222222222222222,0.0,0.2222222222222222,0.5287180542945862,0.39462828636169434
153,SYS_B,0.3846153846153846,0.3333333333333333,0.3846153846153846,0.6673515439033508,0.8044189810752869
154,SYS_B,0.30508474576271183,0.21052631578947367,0.20338983050847456,0.6594780683517456,0.5851165056228638
155,SYS_B,0.3448275862068965,0.14285714285714285,0.17241379310344826,0.5377565622329712,0.3941799998283386
156,SYS_B,0.37209302325581395,0.14634146341463414,0.2790697674418604,0.6340385675430298,0.39564862847328186
157,SYS_B,0.7499999999999999,0.7272727272727273,0.7499999999999999,0.8361405730247498,0.8459717035293579
158,SYS_B,0.0,0.0,0.0,0.4183467924594879,0.1707984209060669
159,SYS_B,0.380952380952381,0.2105263157894737,0.380952380952381,0.6890366673469543,0.449508935213089
160,SYS_B,0.36363636363636365,0.22641509433962265,0.2909090909090909,0.6514126658439636,0.7964817881584167
161,SYS_B,0.09523809523809523,0.0,0.09523809523809523,0.5619456171989441,0.420320063829422
162,SYS_B,0.13333333333333333,0.0,0.13333333333333333,0.598373532295227,0.6016608476638794
163,SYS_B,0.846153846153846,0.6666666666666666,0.846153846153846,0.9205763936042786,0.9711935520172119
164,SYS_B,0.7368421052631579,0.588235294117647,0.5263157894736842,0.6957794427871704,0.8575323820114136
165,SYS_B,0.43478260869565216,0.1904761904761905,0.34782608695652173,0.6391465663909912,0.6035053730010986
166,SYS_B,0.18604651162790695,0.09756097560975609,0.18604651162790695,0.497815877199173,0.7810996770858765
167,SYS_B,0.27586206896551724,0.07142857142857142,0.20689655172413793,0.5740253329277039,0.7891972064971924
168,SYS_B,0.380952380952381,0.0,0.28571428571428564,0.5516857504844666,0.6308563351631165
169,SYS_B,0.39999999999999997,0.28571428571428575,0.39999999999999997,0.7483810186386108,0.5863487124443054
170,SYS_B,0.3,0.15789473684210525,0.3,0.6382642388343811,0.9235572218894958
171,SYS_B,0.8333333333333333,0.8,0.8333333333333333,0.9066193699836731,0.970146894454956
172,SYS_B,0.2105263157894737,0.11764705882352941,0.2105263157894737,0.46132180094718933,0.5445624589920044
173,SYS_B,0.3157894736842105,0.16666666666666666,0.2631578947368421,0.7316663265228271,0.7508561611175537
174,SYS_B,0.3,0.0,0.1,0.6410619616508484,0.7112518548965454
175,SYS_B,0.31034482758620696,0.07142857142857144,0.20689655172413796,0.6175189018249512,0.5814255475997925
176,SYS_B,0.43478260869565216,0.0,0.2608695652173913,0.6375365853309631,0.5546711683273315
177,SYS_B,0.3389830508474576,0.17543859649122806,0.2711864406779661,0.6302804946899414,0.6929216384887695
178,SYS_B,0.18867924528301885,0.1176470588235294,0.1509433962264151,0.43513739109039307,0.432345986366272
179,SYS_B,0.15,0.05263157894736842,0.09999999999999999,0.3965488374233246,0.4360634684562683
180,SYS_B,0.23076923076923078,0.08333333333333333,0.23076923076923078,0.6172084808349609,0.5722106695175171
181,SYS_B,0.23076923076923075,0.16666666666666666,0.23076923076923075,0.561430811882019,0.6578260660171509
182,SYS_B,0.4615384615384615,0.2702702702702703,0.35897435897435903,0.7291352152824402,0.8008321523666382
183,SYS_B,0.27777777777777773,0.0,0.16666666666666669,0.5646049380302429,0.3431920111179352
184,SYS_B,0.28571428571428575,0.21052631578947364,0.28571428571428575,0.6171228885650635,0.5732451677322388
185,SYS_B,0.18181818181818182,0.12903225806451613,0.18181818181818182,0.6087644100189209,0.8293287754058838
186,SYS_B,0.2142857142857143,0.037037037037037035,0.14285714285714285,0.5453344583511353,0.5649966597557068
187,SYS_B,0.2162162162162162,0.05714285714285715,0.16216216216216214,0.5889375805854797,0.5984764099121094
188,SYS_B,0.17391304347826086,0.0909090909090909,0.17391304347826086,0.6191890239715576,0.820810079574585
189,SYS_B,0.28571428571428575,0.16666666666666666,0.28571428571428575,0.5471314787864685,0.4542149305343628
190,SYS_B,0.32432432432432434,0.17142857142857143,0.32432432432432434,0.6202825903892517,0.7773267030715942
191,SYS_B,0.2222222222222222,0.13953488372093023,0.2222222222222222,0.5631042718887329,0.2699485421180725
192,SYS_B,0.17647058823529413,0.0,0.11764705882352941,0.4461497366428375,0.1269887089729309
193,SYS_B,0.0,0.0,0.0,0.41173112392425537,0.16855719685554504
194,SYS_B,0.42857142857142855,0.15384615384615383,0.42857142857142855,0.5726792216300964,0.7119811177253723
195,SYS_B,0.4651162790697674,0.1951219512195122,0.37209302325581395,0.7246934175491333,0.5216109156608582
196,SYS_B,0.14285714285714288,0.0,0.14285714285714288,0.41179725527763367,0.5665501356124878
197,SYS_B,0.2121212121212121,0.0625,0.1818181818181818,0.5816118121147156,0.8509005308151245
198,SYS_B,0.1,0.0,0.1,0.5066405534744263,0.26762282848358154
199,SYS_B,0.052631578947368425,0.0,0.052631578947368425,0.5162957310676575,0.4898712635040283
200,SYS_B,0.14285714285714288,0.05,0.09523809523809523,0.4810807406902313,0.7185022830963135
201,SYS_B,0.3111111111111111,0.27906976744186046,0.3111111111111111,0.6738512516021729,0.544130802154541
202,SYS_B,0.2181818181818182,0.03773584905660377,0.2181818181818182,0.5715466737747192,0.5908015966415405
203,SYS_B,0.3508771929824562,0.2181818181818182,0.3508771929824562,0.6631017923355103,0.8590574860572815
204,SYS_B,0.5625000000000001,0.33333333333333326,0.5625000000000001,0.799041211605072,0.9481831192970276
205,SYS_B,0.13636363636363635,0.09523809523809523,0.13636363636363635,0.5307633876800537,0.6485257148742676
206,SYS_B,0.3278688524590165,0.13559322033898305,0.19672131147540983,0.5945780277252197,0.8123672008514404
207,SYS_B,0.23529411764705882,0.0,0.17647058823529413,0.5482151508331299,0.46809545159339905
208,SYS_B,0.7567567567567568,0.7428571428571429,0.7567567567567568,0.7983302474021912,0.9060454368591309
209,SYS_B,0.2941176470588235,0.0,0.17647058823529413,0.587505578994751,0.5879711508750916
210,SYS_B,0.196078431372549,0.04081632653061225,0.196078431372549,0.49267107248306274,0.6215173602104187
211,SYS_B,0.3,0.1111111111111111,0.2,0.6099434494972229,0.6363071799278259
212,SYS_B,0.631578947368421,0.3529411764705882,0.4210526315789474,0.6115173697471619,0.8551298379898071
213,SYS_B,0.5454545454545454,0.4444444444444444,0.5454545454545454,0.7033169269561768,0.8394873142242432
214,SYS_B,0.15384615384615383,0.0,0.15384615384615383,0.46234726905822754,0.17145991325378418
215,SYS_B,0.8,0.6086956521739131,0.7199999999999999,0.7514355778694153,0.7758180499076843
216,SYS_B,0.40740740740740744,0.3846153846153846,0.40740740740740744,0.7312963008880615,0.8400999903678894
217,SYS_B,0.3448275862068965,0.14814814814814817,0.27586206896551724,0.6686570048332214,0.6133096814155579
218,SYS_B,0.41025641025641024,0.2702702702702703,0.2564102564102564,0.6075040102005005,0.7891782522201538
219,SYS_B,0.3870967741935484,0.13793103448275862,0.2580645161290322,0.6559910178184509,0.7055957317352295
220,SYS_B,0.0,0.0,0.0,0.34154805541038513,-0.013783901929855347
221,SYS_B,0.3157894736842105,0.0,0.2105263157894737,0.5740021467208862,0.4756696820259094
222,SYS_B,0.3225806451612903,0.13793103448275862,0.3225806451612903,0.5425320267677307,0.7052348852157593
223,SYS_B,0.0,0.0,0.0,0.40592828392982483,0.13618922233581543
224,SYS_B,0.5333333333333333,0.3255813953488372,0.4888888888888888,0.7509810328483582,0.7601009607315063
225,SYS_B,0.21276595744680848,0.044444444444444446,0.1276595744680851,0.5601277351379395,0.4747914671897888
226,SYS_B,0.30434782608695654,0.2727272727272727,0.30434782608695654,0.6598021984100342,0.7249441146850586
227,SYS_B,0.21428571428571427,0.15384615384615383,0.21428571428571427,0.5450436472892761,0.5115777254104614
228,SYS_B,0.22641509433962267,0.0392156862745098,0.11320754716981134,0.5594836473464966,0.7055813074111938
229,SYS_B,0.0,0.0,0.0,0.48672860860824585,0.4739815592765808
230,SYS_B,0.3846153846153846,0.33333333333333337,0.3846153846153846,0.5427243709564209,0.5854580402374268
231,SYS_B,0.1739130434782609,0.0,0.08695652173913045,0.6654582023620605,0.5589116811752319
232,SYS_B,0.2564102564102564,0.0,0.10256410256410257,0.5648029446601868,0.6727409362792969
233,SYS_B,0.9565217391304348,0.8571428571428572,0.9565217391304348,0.9537807106971741,0.9299339652061462
234,SYS_B,0.06666666666666667,0.0,0.06666666666666667,0.429863840341568,0.19775816798210144
235,SYS_B,0.5294117647058825,0.18750000000000003,0.35294117647058826,0.7480550408363342,0.7482603192329407
236,SYS_B,0.4666666666666667,0.42857142857142855,0.4666666666666667,0.7668787240982056,0.49593913555145264
237,SYS_B,0.30769230769230765,0.24999999999999994,0.23076923076923075,0.4946652352809906,0.732196569442749
238,SYS_B,0.4150943396226415,0.27450980392156865,0.4150943396226415,0.7442064881324768,0.7775284051895142
239,SYS_B,0.6206896551724137,0.37037037037037035,0.6206896551724137,0.8351424336433411,0.9360671043395996
240,SYS_B,0.45161290322580644,0.0,0.3225806451612903,0.6977364420890808,0.4064289927482605
241,SYS_B,0.6842105263157895,0.6666666666666666,0.631578947368421,0.7919553518295288,0.7100328207015991
242,SYS_B,0.21052631578947367,0.05555555555555556,0.21052631578947367,0.6044873595237732,0.4611605107784271
243,SYS_B,0.326530612244898,0.2553191489361702,0.326530612244898,0.6831636428833008,0.8270615935325623
244,SYS_B,1.0,1.0,1.0,0.9815199971199036,0.9754645228385925
245,SYS_B,0.4651162790697675,0.3902439024390244,0.4651162790697675,0.7545619606971741,0.7769500613212585
246,SYS_B,0.23529411764705882,0.0,0.23529411764705882,0.4759916067123413,0.46666914224624634
247,SYS_B,0.17777777777777778,0.046511627906976744,0.13333333333333333,0.5539994239807129,0.593270480632782
248,SYS_B,0.5090909090909091,0.4528301886792453,0.5090909090909091,0.739011824131012,0.6037765741348267
249,SYS_B,0.16,0.0,0.16,0.5722672939300537,0.6293700933456421
250,SYS_B,0.4347826086956522,0.19047619047619047,0.4347826086956522,0.7002970576286316,0.5191150903701782
251,SYS_B,0.8571428571428571,0.8421052631578948,0.8571428571428571,0.8873412609100342,0.9342644214630127
252,SYS_B,0.18181818181818182,0.0,0.12121212121212122,0.4717269837856293,0.5257608294487
253,SYS_B,0.14285714285714285,0.1,0.14285714285714285,0.5817305445671082,0.6135915517807007
254,SYS_B,0.13043478260869565,0.09090909090909091,0.13043478260869565,0.4806675314903259,0.6391582489013672
255,SYS_B,0.6956521739130435,0.5714285714285715,0.6956521739130435,0.7944733500480652,0.8538393974304199
256,SYS_B,0.7200000000000001,0.34782608695652173,0.56,0.7558716535568237,0.7232651114463806
257,SYS_B,0.4,0.0,0.4,0.751306414604187,0.7570533156394958
258,SYS_B,0.2222222222222222,0.0,0.1111111111111111,0.6449344754219055,0.5590880513191223
259,SYS_B,0.31249999999999994,0.06666666666666667,0.25,0.675523579120636,0.7942383885383606
260,SYS_B,0.29411764705882354,0.18750000000000003,0.29411764705882354,0.6978116631507874,0.6156554222106934
261,SYS_B,0.14285714285714285,0.07407407407407406,0.14285714285714285,0.5590028762817383,0.7018803954124451
262,SYS_B,0.5263157894736842,0.3529411764705882,0.5263157894736842,0.6040250062942505,0.6797937154769897
263,SYS_B,0.32432432432432434,0.1142857142857143,0.2702702702702703,0.5650994181632996,0.31622594594955444
264,SYS_B,0.2608695652173913,0.0,0.2608695652173913,0.5403345227241516,0.2814934253692627
265,SYS_B,0.3636363636363636,0.339622641509434,0.3636363636363636,0.6378900408744812,0.8634347915649414
266,SYS_B,0.23999999999999996,0.0,0.23999999999999996,0.6072102189064026,0.74019455909729
267,SYS_B,0.4545454545454546,0.3,0.4545454545454546,0.6705333590507507,0.6200687885284424
268,SYS_B,0.27906976744186046,0.1951219512195122,0.27906976744186046,0.6918684244155884,0.7011622190475464
269,SYS_B,0.0,0.0,0.0,0.3267155587673187,0.05864135921001434
270,SYS_B,0.36000000000000004,0.29166666666666663,0.36000000000000004,0.7274146676063538,0.8519075512886047
271,SYS_B,0.25,0.21052631578947367,0.25,0.5711849331855774,0.5472280979156494
272,SYS_B,0.27999999999999997,0.125,0.24,0.622450590133667,0.775312066078186
273,SYS_B,0.3,0.0,0.09999999999999999,0.5689714550971985,0.5068598985671997
274,SYS_B,0.0,0.0,0.0,0.4474983513355255,0.028120573610067368
275,SYS_B,0.360655737704918,0.23728813559322032,0.360655737704918,0.6369398236274719,0.7521001100540161
276,SYS_B,0.45,0.2105263157894737,0.4,0.7378602623939514,0.5153115391731262
277,SYS_B,0.18181818181818182,0.0,0.10909090909090909,0.5725808143615723,0.7376016974449158
278,SYS_B,0.48648648648648646,0.2857142857142857,0.48648648648648646,0.7051382064819336,0.7396506071090698
279,SYS_B,0.5384615384615384,0.16666666666666669,0.3846153846153846,0.6669545769691467,0.6383751630783081
280,SYS_B,0.26666666666666666,0.15384615384615383,0.26666666666666666,0.5474673509597778,0.6286102533340454
281,SYS_B,0.2711864406779661,0.03508771929824561,0.13559322033898305,0.6378729939460754,0.6121670007705688
282,SYS_B,0.3529411764705882,0.13333333333333333,0.3529411764705882,0.637213945388794,0.6181148290634155
283,SYS_B,0.14285714285714288,0.0,0.14285714285714288,0.43055224418640137,0.18545104563236237
284,SYS_B,0.0,0.0,0.0,0.5085179805755615,0.3136615753173828
285,SYS_B,0.42857142857142855,0.23076923076923075,0.35714285714285715,0.6186479330062866,0.6647327542304993
286,SYS_B,0.2631578947368421,0.16666666666666669,0.2631578947368421,0.6077567934989929,0.7512824535369873
287,SYS_B,0.3529411764705882,0.0,0.23529411764705882,0.6032543182373047,0.7581537961959839
288,SYS_B,0.18604651162790697,0.0975609756097561,0.18604651162790697,0.5581322312355042,0.7236843705177307
289,SYS_B,0.09523809523809525,0.0,0.09523809523809525,0.4858008027076721,0.3391765356063843
290,SYS_B,0.27586206896551724,0.1785714285714286,0.27586206896551724,0.5872949957847595,0.8134653568267822
291,SYS_B,0.208955223880597,0.0923076923076923,0.1492537313432836,0.5553394556045532,0.4118403196334839
292,SYS_B,0.1,0.0,0.1,0.5458086729049683,0.5569320917129517
293,SYS_B,0.14814814814814817,0.08,0.14814814814814817,0.5615223050117493,0.5586933493614197
294,SYS_B,0.14285714285714288,0.0,0.07142857142857144,0.3740842044353485,0.09604918211698532
295,SYS_B,0.1568627450980392,0.0,0.1176470588235294,0.5390724539756775,0.6736002564430237
296,SYS_B,0.18749999999999997,0.0,0.125,0.5942232012748718,0.5634497404098511
297,SYS_B,0.32558139534883723,0.1951219512195122,0.27906976744186046,0.580177903175354,0.8523227572441101
298,SYS_B,0.0,0.0,0.0,0.3119792938232422,0.14570105075836182
299,SYS_B,0.6666666666666666,0.6486486486486487,0.6666666666666666,0.7708311080932617,0.7507317662239075
300,SYS_B,0.2,0.05263157894736841,0.15,0.5979582071304321,0.5984257459640503
301,SYS_B,0.4864864864864865,0.2285714285714286,0.4324324324324324,0.7090417742729187,0.699740469455719
302,SYS_B,0.43750000000000006,0.4,0.43750000000000006,0.7524988651275635,0.896926999092102
303,SYS_B,0.2222222222222222,0.0,0.1111111111111111,0.6807331442832947,0.6422666311264038
304,SYS_B,0.3846153846153846,0.3333333333333333,0.3846153846153846,0.624931275844574,0.7766295671463013
305,SYS_B,0.2580645161290323,0.06896551724137931,0.1935483870967742,0.5413796901702881,0.5723879933357239
306,SYS_B,0.23333333333333328,0.10344827586206896,0.23333333333333328,0.6666011810302734,0.9066504240036011
307,SYS_B,0.967741935483871,0.9655172413793104,0.967741935483871,0.9549261331558228,0.919045090675354
308,SYS_B,0.32432432432432434,0.17142857142857146,0.21621621621621623,0.6874966621398926,0.7762147784233093
309,SYS_B,0.3846153846153846,0.08333333333333334,0.23076923076923075,0.6462324261665344,0.751059353351593
310,SYS_B,0.4444444444444444,0.125,0.2222222222222222,0.6877124905586243,0.8104932308197021
311,SYS_B,0.23529411764705882,0.0,0.23529411764705882,0.5515250563621521,0.4489454925060272
312,SYS_B,0.3636363636363636,0.0,0.1818181818181818,0.4099678695201874,0.26019543409347534
313,SYS_B,0.28,0.20833333333333331,0.28,0.6006024479866028,0.5978789925575256
314,SYS_B,0.30303030303030304,0.06451612903225805,0.30303030303030304,0.4540154039859772,0.5504521131515503
315,SYS_B,0.4,0.33962264150943394,0.4,0.6563149094581604,0.5277210474014282
316,SYS_B,0.08,0.0,0.08,0.49560388922691345,0.23570281267166138
317,SYS_B,0.6857142857142856,0.6060606060606061,0.6857142857142856,0.8279520273208618,0.9113449454307556
318,SYS_B,0.9565217391304348,0.8571428571428572,0.9565217391304348,0.9688441753387451,0.9224507808685303
319,SYS_B,0.14285714285714285,0.0,0.11428571428571428,0.5623451471328735,0.6501495242118835
320,SYS_B,0.3448275862068966,0.2222222222222222,0.3448275862068966,0.6080959439277649,0.7230942249298096
321,SYS_B,0.07142857142857142,0.0,0.07142857142857142,0.5036565065383911,0.2894977927207947
322,SYS_B,1.0,1.0,1.0,0.981486976146698,0.9807668924331665
323,SYS_B,0.43636363636363634,0.4150943396226415,0.43636363636363634,0.6678302884101868,0.7540691494941711
324,SYS_B,0.33333333333333326,0.0,0.26666666666666666,0.7100297808647156,0.5880520939826965
325,SYS_B,0.4651162790697674,0.2439024390243902,0.2325581395348837,0.7150064706802368,0.5408576130867004
326,SYS_B,0.358974358974359,0.05405405405405406,0.20512820512820512,0.5880674123764038,0.6659187078475952
327,SYS_B,0.23999999999999996,0.0,0.23999999999999996,0.5684823393821716,0.44592925906181335
328,SYS_B,0.4444444444444445,0.16,0.29629629629629634,0.6660264134407043,0.6757742166519165
329,SYS_B,0.23076923076923073,0.08000000000000002,0.19230769230769232,0.5419122576713562,0.6728608012199402
330,SYS_B,0.888888888888889,0.88,0.888888888888889,0.9089000225067139,0.9192317128181458
331,SYS_B,0.26666666666666666,0.0,0.22222222222222224,0.47733649611473083,0.3534102141857147
332,SYS_B,0.28571428571428575,0.12121212121212122,0.28571428571428575,0.6113772392272949,0.6407482624053955
333,SYS_B,0.37837837837837834,0.17142857142857143,0.3243243243243243,0.6403103470802307,0.6671891212463379
334,SYS_B,0.0975609756097561,0.0,0.04878048780487805,0.5308826565742493,0.4304301142692566
335,SYS_B,0.3243243243243243,0.17142857142857143,0.27027027027027023,0.6429391503334045,0.7809180021286011
336,SYS_B,0.4666666666666667,0.2857142857142857,0.4,0.735224187374115,0.6841230392456055
337,SYS_B,0.45454545454545453,0.10000000000000002,0.2727272727272727,0.7372246384620667,0.8707175254821777
338,SYS_B,0.34285714285714286,0.12121212121212122,0.17142857142857143,0.6210994720458984,0.6767641305923462
339,SYS_B,0.5789473684210525,0.33333333333333337,0.5789473684210525,0.7589722871780396,0.8217118978500366
340,SYS_B,0.4186046511627908,0.2439024390243902,0.37209302325581395,0.7004134654998779,0.7410205602645874
341,SYS_B,0.2,0.0,0.2,0.6246727108955383,0.4496588408946991
342,SYS_B,0.6666666666666667,0.5454545454545454,0.6666666666666667,0.8228445649147034,0.8891649842262268
343,SYS_B,0.6666666666666666,0.6153846153846153,0.6666666666666666,0.7697943449020386,0.9366735219955444
344,SYS_B,0.42857142857142855,0.23076923076923078,0.35714285714285715,0.6707771420478821,0.6952403783798218
345,SYS_B,0.6666666666666666,0.45454545454545453,0.6666666666666666,0.9243118762969971,0.8511879444122314
346,SYS_B,0.20512820512820512,0.0,0.15384615384615383,0.5270689725875854,0.2767511010169983
347,SYS_B,0.23809523809523808,0.05,0.14285714285714288,0.6117908358573914,0.6461719870567322
348,SYS_B,0.2285714285714286,0.12121212121212123,0.1714285714285714,0.5784602761268616,0.4338284134864807
349,SYS_B,0.0,0.0,0.0,0.3733469545841217,0.25027206540107727
350,SYS_B,0.42857142857142855,0.15384615384615383,0.2857142857142857,0.770877480506897,0.8250479698181152
351,SYS_B,0.15384615384615385,0.08333333333333333,0.15384615384615385,0.4185670018196106,0.3512330651283264
352,SYS_B,0.14285714285714288,0.0,0.07142857142857144,0.5593398213386536,0.19032558798789978
353,SYS_B,0.22950819672131148,0.10169491525423728,0.22950819672131148,0.638508141040802,0.25920623540878296
354,SYS_B,0.10526315789473685,0.0,0.10526315789473685,0.5960280895233154,0.49684447050094604
355,SYS_B,0.1875,0.12903225806451613,0.15625,0.5471855998039246,0.4485973119735718
356,SYS_B,0.3333333333333333,0.0,0.3333333333333333,0.5403236150741577,0.47431111335754395
357,SYS_B,0.15384615384615385,0.0,0.15384615384615385,0.558235228061676,0.4345022737979889
358,SYS_B,0.20689655172413793,0.0,0.13793103448275862,0.6206583976745605,0.7273546457290649
359,SYS_B,0.5599999999999999,0.2608695652173913,0.48000000000000004,0.6971884369850159,0.8552906513214111
360,SYS_B,0.43902439024390244,0.3076923076923077,0.43902439024390244,0.6926825642585754,0.643498957157135
361,SYS_B,0.13559322033898305,0.0,0.06779661016949153,0.5029807686805725,0.5800958275794983
362,SYS_B,0.16129032258064516,0.03333333333333333,0.0967741935483871,0.6013592481613159,0.6032054424285889
363,SYS_B,0.7000000000000001,0.6666666666666666,0.7000000000000001,0.8322131037712097,0.7930187582969666
364,SYS_B,0.2857142857142857,0.22950819672131148,0.25396825396825395,0.6100344657897949,0.837267279624939
365,SYS_B,0.14285714285714285,0.0,0.14285714285714285,0.4896748960018158,0.48519212007522583
366,SYS_B,0.27906976744186046,0.1951219512195122,0.27906976744186046,0.6706222891807556,0.8464897871017456
367,SYS_B,0.4,0.30769230769230765,0.4,0.6798043847084045,0.6835464835166931
368,SYS_B,0.28985507246376807,0.11940298507462686,0.17391304347826086,0.6450337767601013,0.7267506122589111
369,SYS_B,0.34146341463414637,0.10256410256410256,0.24390243902439024,0.6320493817329407,0.8133710622787476
370,SYS_B,0.3389830508474576,0.3157894736842105,0.3389830508474576,0.648869514465332,0.7398238182067871
371,SYS_B,0.14285714285714288,0.0,0.14285714285714288,0.5007780194282532,0.35252273082733154
372,SYS_B,0.28169014084507044,0.11594202898550725,0.16901408450704225,0.659297525882721,0.7674529552459717
373,SYS_B,0.6,0.5714285714285714,0.6,0.7995839715003967,0.8537538647651672
374,SYS_B,0.1818181818181818,0.09999999999999999,0.1818181818181818,0.6005291938781738,0.7653182744979858
375,SYS_B,0.2777777777777778,0.058823529411764705,0.1111111111111111,0.619053065776825,0.48742765188217163
376,SYS_B,0.08,0.0,0.08,0.4762757420539856,0.33093827962875366
377,SYS_B,0.22222222222222224,0.0,0.14814814814814817,0.6721470355987549,0.46020662784576416
378,SYS_B,0.3728813559322034,0.2105263157894737,0.2711864406779661,0.6697549819946289,0.7760409712791443
379,SYS_B,0.88,0.8695652173913044,0.88,0.9116606712341309,0.9065064191818237
380,SYS_B,0.5185185185185186,0.32,0.3703703703703704,0.7680856585502625,0.8756772875785828
381,SYS_B,0.3333333333333333,0.09090909090909091,0.25,0.6241347193717957,0.5236819982528687
382,SYS_B,0.25396825396825395,0.0,0.12698412698412698,0.5512545704841614,0.3583326041698456
383,SYS_B,0.7222222222222222,0.6470588235294118,0.7222222222222222,0.7854577898979187,0.7233173847198486
384,SYS_B,0.3125,0.06666666666666667,0.18749999999999997,0.46492326259613037,0.25650519132614136
385,SYS_B,0.0,0.0,0.0,0.37909120321273804,0.3911744952201843
386,SYS_B,0.29411764705882354,0.18750000000000003,0.29411764705882354,0.625656008720398,0.8087902069091797
387,SYS_B,0.19047619047619047,0.05,0.14285714285714285,0.5403391718864441,0.6140862703323364
388,SYS_B,0.28571428571428575,0.16666666666666666,0.28571428571428575,0.5485325455665588,0.5431095361709595
389,SYS_B,0.2222222222222222,0.058823529411764705,0.1111111111111111,0.6106550097465515,0.3984154462814331
390,SYS_B,0.37037037037037035,0.23999999999999996,0.29629629629629634,0.6226497888565063,0.5531647205352783
391,SYS_B,0.27272727272727276,0.1,0.27272727272727276,0.622988760471344,0.6476553678512573
392,SYS_B,0.09523809523809523,0.0,0.09523809523809523,0.5521693229675293,0.5149685740470886
393,SYS_B,0.25806451612903225,0.13793103448275862,0.12903225806451613,0.5667220950126648,0.5971666574478149
394,SYS_B,0.65,0.631578947368421,0.65,0.8290430903434753,0.814493715763092
395,SYS_B,0.46153846153846156,0.18181818181818182,0.46153846153846156,0.6908512115478516,0.6407085657119751
396,SYS_B,0.36065573770491804,0.2711864406779661,0.3278688524590165,0.7153202891349792,0.8322604894638062
397,SYS_B,0.4166666666666667,0.36363636363636365,0.4166666666666667,0.7097461819648743,0.40770643949508667
398,SYS_B,0.18181818181818182,0.0,0.13636363636363635,0.5200685858726501,0.45227712392807007
399,SYS_B,0.5555555555555556,0.375,0.5555555555555556,0.7082138657569885,0.7646981477737427
400,SYS_B,0.5454545454545455,0.3225806451612903,0.4242424242424242,0.7406938076019287,0.7989782691001892
401,SYS_B,0.17647058823529413,0.0,0.17647058823529413,0.5413233041763306,0.46541324257850647
402,SYS_B,0.33333333333333326,0.0,0.2222222222222222,0.7076979875564575,0.8524668216705322
403,SYS_B,0.4444444444444444,0.27906976744186046,0.3555555555555555,0.6974419355392456,0.82770174741745
404,SYS_B,0.3157894736842105,0.0,0.3157894736842105,0.6512971520423889,0.676183819770813
405,SYS_B,0.196078431372549,0.0,0.11764705882352941,0.588965654373169,0.7039435505867004
406,SYS_B,0.3448275862068966,0.32142857142857145,0.3448275862068966,0.6270173192024231,0.8319776058197021
407,SYS_B,0.11764705882352941,0.0,0.11764705882352941,0.47506922483444214,0.3501681387424469
408,SYS_B,0.3389830508474576,0.17543859649122806,0.2711864406779661,0.6394727230072021,0.7151769995689392
409,SYS_B,0.2105263157894737,0.0,0.2105263157894737,0.609514057636261,0.47998690605163574
410,SYS_B,0.05555555555555555,0.0,0.05555555555555555,0.43365538120269775,0.11297404021024704
411,SYS_B,0.5090909090909091,0.22641509433962267,0.4727272727272728,0.7090557217597961,0.8872997760772705
412,SYS_B,0.2545454545454545,0.07547169811320754,0.1818181818181818,0.5458272695541382,0.3729356527328491
413,SYS_B,0.3448275862068966,0.07407407407407407,0.27586206896551724,0.6946169137954712,0.5167914032936096
414,SYS_B,0.28571428571428575,0.0,0.28571428571428575,0.7339140772819519,0.7507052421569824
415,SYS_B,0.3902439024390244,0.15384615384615383,0.3414634146341463,0.7088566422462463,0.6473868489265442
416,SYS_B,0.4761904761904762,0.3157894736842105,0.4761904761904762,0.7569093108177185,0.5335844159126282
417,SYS_B,0.31578947368421056,0.07272727272727272,0.2105263157894737,0.6140691637992859,0.6236395239830017
418,SYS_B,0.7058823529411764,0.4,0.7058823529411764,0.6977190375328064,0.7991014719009399
419,SYS_B,0.3243243243243243,0.1142857142857143,0.27027027027027023,0.6772981286048889,0.7789108753204346
420,SYS_B,0.26086956521739135,0.0,0.26086956521739135,0.5838051438331604,0.4650658369064331
421,SYS_B,0.4444444444444444,0.15999999999999998,0.3703703703703704,0.6822712421417236,0.5941221714019775
422,SYS_B,0.19999999999999998,0.0,0.19999999999999998,0.5688076615333557,0.32283830642700195
423,SYS_B,0.5306122448979591,0.5106382978723404,0.5306122448979591,0.8100659847259521,0.9687976837158203
424,SYS_B,0.09523809523809525,0.0,0.09523809523809525,0.5184141993522644,0.1700618714094162
425,SYS_B,0.27777777777777773,0.17647058823529416,0.2222222222222222,0.6216054558753967,0.7353576421737671
426,SYS_B,0.1212121212121212,0.06451612903225806,0.1212121212121212,0.5287840366363525,0.3991890251636505
427,SYS_B,0.2564102564102564,0.05405405405405406,0.20512820512820512,0.6150808930397034,0.7588324546813965
428,SYS_B,0.36923076923076925,0.2222222222222222,0.24615384615384617,0.674775242805481,0.6646807193756104
429,SYS_B,0.43750000000000006,0.39999999999999997,0.43750000000000006,0.7843639850616455,0.8962616920471191
430,SYS_B,0.2580645161290323,0.0,0.1935483870967742,0.541040301322937,0.6167037487030029
431,SYS_B,0.16438356164383564,0.056338028169014086,0.1095890410958904,0.5040213465690613,0.7648328542709351
432,SYS_B,0.19999999999999998,0.0,0.09999999999999999,0.5902798771858215,0.6066117286682129
433,SYS_B,0.5263157894736842,0.0,0.3157894736842105,0.730288028717041,0.765910267829895
434,SYS_B,0.27586206896551724,0.07407407407407407,0.20689655172413793,0.547805905342102,0.8002928495407104
435,SYS_B,0.1694915254237288,0.0,0.13559322033898305,0.5112180113792419,0.36066102981567383
436,SYS_B,0.5,0.20000000000000004,0.375,0.6521637439727783,0.7901672124862671
437,SYS_B,0.6829268292682926,0.6666666666666666,0.6829268292682926,0.8155953288078308,0.5110474228858948
438,SYS_B,0.5555555555555556,0.5294117647058824,0.5555555555555556,0.770613968372345,0.9399878978729248
439,SYS_B,0.27586206896551724,0.0,0.27586206896551724,0.6003132462501526,0.3467661142349243
440,SYS_B,0.15384615384615383,0.0,0.07692307692307691,0.6191657185554504,0.7896772623062134
441,SYS_B,0.37037037037037035,0.2692307692307693,0.37037037037037035,0.658771276473999,0.6915082931518555
442,SYS_B,0.25,0.14285714285714285,0.25,0.6320112943649292,0.6090654134750366
443,SYS_B,0.3870967741935484,0.36666666666666664,0.3870967741935484,0.6832569241523743,0.916485071182251
444,SYS_B,0.18181818181818182,0.10000000000000002,0.18181818181818182,0.6604980826377869,0.6248354911804199
445,SYS_B,0.4444444444444444,0.32,0.4444444444444444,0.7302194237709045,0.7391999363899231
446,SYS_B,0.39999999999999997,0.15384615384615383,0.39999999999999997,0.6325364708900452,0.5703829526901245
447,SYS_B,0.375,0.3548387096774193,0.375,0.7054412364959717,0.8599658012390137
448,SYS_B,0.1875,0.13333333333333333,0.1875,0.5809938311576843,0.8069198727607727
449,SYS_B,0.25641025641025644,0.05405405405405406,0.15384615384615385,0.5341710448265076,0.6310945749282837
450,SYS_B,0.4545454545454545,0.1,0.27272727272727276,0.700874388217926,0.6564253568649292
451,SYS_B,0.1276595744680851,0.0,0.0851063829787234,0.5211139917373657,0.6660919189453125
452,SYS_B,0.22222222222222224,0.08,0.22222222222222224,0.636993408203125,0.6975533366203308
453,SYS_B,0.10526315789473685,0.0,0.10526315789473685,0.5141834616661072,0.2507106363773346
454,SYS_B,0.2702702702702703,0.05714285714285715,0.21621621621621623,0.5706654787063599,0.5829706192016602
455,SYS_B,0.42553191489361697,0.17777777777777778,0.2978723404255319,0.7019971013069153,0.6626608967781067
456,SYS_B,0.39999999999999997,0.27906976744186046,0.39999999999999997,0.6797342300415039,0.5074889659881592
457,SYS_B,0.33333333333333337,0.23076923076923075,0.2962962962962963,0.6175851821899414,0.8099757432937622
458,SYS_B,0.0,0.0,0.0,0.350716233253479,0.12993618845939636
459,SYS_B,0.18867924528301885,0.0784313725490196,0.1509433962264151,0.5750784873962402,0.7933605909347534
460,SYS_B,0.06451612903225808,0.0,0.06451612903225808,0.43294551968574524,0.31521886587142944
461,SYS_B,0.13559322033898305,0.03508771929824561,0.10169491525423728,0.5490594506263733,0.7735532522201538
462,SYS_B,0.0,0.0,0.0,0.5701041221618652,0.4259587526321411
463,SYS_B,0.30303030303030304,0.06451612903225805,0.24242424242424243,0.6605007648468018,0.705262303352356
464,SYS_B,0.4999999999999999,0.1818181818181818,0.41666666666666663,0.6815346479415894,0.8307944536209106
465,SYS_B,0.14285714285714285,0.0,0.14285714285714285,0.4823659658432007,0.6774169206619263
466,SYS_B,0.3636363636363636,0.09999999999999999,0.2727272727272727,0.6248985528945923,0.6711138486862183
467,SYS_B,0.36363636363636365,0.0,0.2727272727272727,0.6104974746704102,0.4739563465118408
468,SYS_B,0.28571428571428575,0.0,0.21428571428571427,0.5330879092216492,0.3674198389053345
469,SYS_B,0.22222222222222224,0.1311475409836066,0.1904761904761905,0.579988420009613,0.5422384738922119
470,SYS_B,0.2727272727272727,0.09523809523809523,0.22727272727272727,0.5495402812957764,0.412821888923645
471,SYS_B,0.42857142857142855,0.15384615384615383,0.35714285714285715,0.6794223189353943,0.35412362217903137
472,SYS_B,0.17391304347826086,0.0,0.17391304347826086,0.5642464756965637,0.36065369844436646
473,SYS_B,0.40909090909090906,0.33333333333333337,0.40909090909090906,0.6913803815841675,0.4683917760848999
474,SYS_B,0.27450980392156865,0.08163265306122448,0.19607843137254902,0.47470104694366455,0.33089926838874817
475,SYS_B,0.31746031746031744,0.13114754098360654,0.19047619047619047,0.6608059406280518,0.5254621505737305
476,SYS_B,0.17391304347826086,0.04545454545454545,0.17391304347826086,0.5632175803184509,0.5469822883605957
477,SYS_B,0.25,0.15789473684210525,0.15,0.5551350712776184,0.662076473236084
478,SYS_B,0.3636363636363636,0.09999999999999999,0.2727272727272727,0.6476038098335266,0.6486566066741943
479,SYS_B,0.4444444444444445,0.08,0.22222222222222224,0.6671231985092163,0.7524824738502502
480,SYS_B,0.72,0.3478260869565218,0.64,0.8827008008956909,0.9522596001625061
481,SYS_B,0.0,0.0,0.0,0.3663996160030365,0.08789500594139099
482,SYS_B,0.18181818181818182,0.0,0.18181818181818182,0.4353047013282776,0.33757761120796204
483,SYS_B,0.23999999999999996,0.08695652173913043,0.16,0.4807021915912628,0.5506772994995117
484,SYS_B,0.5806451612903225,0.2758620689655173,0.45161290322580644,0.7598095536231995,0.7458052635192871
485,SYS_B,0.0625,0.0,0.0625,0.45167866349220276,0.5750179886817932
486,SYS_B,0.4912280701754386,0.36363636363636365,0.4912280701754386,0.7549868822097778,0.8084356784820557
487,SYS_B,0.08,0.0,0.08,0.628414511680603,0.5112427473068237
488,SYS_B,0.37500000000000006,0.13333333333333333,0.18750000000000003,0.6473520994186401,0.584314227104187
489,SYS_B,0.6470588235294118,0.43749999999999994,0.5882352941176471,0.8220969438552856,0.7713004350662231
490,SYS_B,0.375,0.3333333333333333,0.375,0.6292601227760315,0.7985733151435852
491,SYS_B,0.3225806451612903,0.13333333333333333,0.25806451612903225,0.5588865280151367,0.6117473840713501
492,SYS_B,0.5714285714285715,0.4,0.5714285714285715,0.663654625415802,0.79461669921875
493,SYS_B,0.15384615384615383,0.0,0.15384615384615383,0.5373616814613342,0.33446091413497925
494,SYS_B,0.16,0.08695652173913043,0.16,0.46680110692977905,0.6367586255073547
495,SYS_B,0.625,0.28571428571428575,0.625,0.717170000076294,0.7634158134460449
496,SYS_B,0.32432432432432434,0.1142857142857143,0.32432432432432434,0.6360873579978943,0.5983160734176636
497,SYS_B,0.35,0.15789473684210525,0.2,0.7254571914672852,0.7533854246139526
498,SYS_B,0.43749999999999994,0.13333333333333333,0.37499999999999994,0.7486965656280518,0.8132261037826538
499,SYS_B,0.25,0.06666666666666667,0.25,0.6095023155212402,0.7643557786941528
500,SYS_B,0.5,0.4074074074074075,0.46428571428571436,0.6930302381515503,0.618442177772522
501,SYS_B,0.30769230769230765,0.0,0.15384615384615383,0.5649392604827881,0.5014334917068481
502,SYS_B,0.25,0.0,0.125,0.548038125038147,0.46666404604911804
503,SYS_B,0.049999999999999996,0.0,0.049999999999999996,0.4998954236507416,0.28309762477874756
504,SYS_B,0.11320754716981131,0.0392156862745098,0.07547169811320753,0.5133476853370667,0.683623194694519
505,SYS_B,0.606060606060606,0.3870967741935484,0.3636363636363636,0.7138902544975281,0.7043486833572388
506,SYS_B,0.40740740740740744,0.15384615384615385,0.25925925925925924,0.5646520256996155,0.5971508026123047
507,SYS_B,0.6666666666666666,0.5000000000000001,0.6666666666666666,0.7306785583496094,0.6986749172210693
508,SYS_B,0.25000000000000006,0.1111111111111111,0.1785714285714286,0.5868159532546997,0.4126756191253662
509,SYS_B,0.16666666666666669,0.0,0.16666666666666669,0.5729655623435974,0.4341232180595398
510,SYS_B,0.358974358974359,0.3243243243243243,0.358974358974359,0.6660464406013489,0.798378586769104
511,SYS_B,0.3902439024390244,0.0,0.1951219512195122,0.6525746583938599,0.8800783157348633
512,SYS_B,0.0,0.0,0.0,0.360084593296051,0.058192186057567596
513,SYS_B,0.1,0.0,0.06666666666666667,0.46586981415748596,0.5028887987136841
514,SYS_B,0.41379310344827586,0.14814814814814817,0.20689655172413793,0.6781128644943237,0.639205813407898
515,SYS_B,0.21621621621621626,0.05714285714285714,0.16216216216216214,0.5106289386749268,0.42222028970718384
516,SYS_B,0.4363636363636364,0.18867924528301888,0.29090909090909095,0.6197088360786438,0.6653597354888916
517,SYS_B,0.0,0.0,0.0,0.39087313413619995,0.10609543323516846
518,SYS_B,0.9600000000000001,0.9565217391304348,0.9600000000000001,0.8842819929122925,0.9182438850402832
519,SYS_B,0.29629629629629634,0.16,0.22222222222222224,0.6811953783035278,0.49047261476516724
520,SYS_B,0.22950819672131148,0.06779661016949153,0.16393442622950818,0.5413792133331299,0.8259149789810181
521,SYS_B,0.2857142857142857,0.16666666666666666,0.2857142857142857,0.6363197565078735,0.6084586977958679
522,SYS_B,0.27272727272727276,0.1,0.27272727272727276,0.6112990975379944,0.5461813807487488
523,SYS_B,0.25,0.09090909090909091,0.25,0.5510706305503845,0.6513232588768005
524,SYS_B,0.3333333333333333,0.0588235294117647,0.16666666666666666,0.5534997582435608,0.6722570657730103
525,SYS_B,0.2631578947368421,0.16666666666666666,0.2631578947368421,0.5488282442092896,0.5863491296768188
526,SYS_B,0.1818181818181818,0.0,0.1818181818181818,0.5274704098701477,0.3669072389602661
527,SYS_B,0.21428571428571427,0.037037037037037035,0.14285714285714285,0.507062554359436,0.4091910123825073
528,SYS_B,0.4615384615384615,0.32432432432432434,0.4615384615384615,0.6834656596183777,0.4926699101924896
529,SYS_B,0.0909090909090909,0.0,0.0909090909090909,0.4560520648956299,0.13578931987285614
530,SYS_B,0.32,0.1739130434782609,0.32,0.5743431448936462,0.6700491905212402
531,SYS_B,0.1875,0.13333333333333333,0.1875,0.49854135513305664,0.6659209132194519
532,SYS_B,0.25,0.06666666666666667,0.18749999999999997,0.589431643486023,0.5971276760101318
533,SYS_B,0.5454545454545454,0.5,0.5454545454545454,0.5900232791900635,0.7976153492927551
534,SYS_B,0.3636363636363636,0.0,0.3636363636363636,0.5879321098327637,0.3745523691177368
535,SYS_B,0.41666666666666663,0.18181818181818185,0.25,0.662585973739624,0.5497646331787109
536,SYS_B,1.0,1.0,1.0,0.9999999403953552,1.0000001192092896
537,SYS_B,0.3870967741935483,0.06896551724137931,0.25806451612903225,0.6652219891548157,0.43956416845321655
538,SYS_B,0.3529411764705882,0.0625,0.23529411764705885,0.5634652972221375,0.6949754953384399
539,SYS_B,0.196078431372549,0.04081632653061224,0.15686274509803919,0.543971061706543,0.7500742077827454
540,SYS_B,0.45161290322580644,0.20689655172413796,0.38709677419354843,0.6831563711166382,0.7646141052246094
541,SYS_B,0.2352941176470588,0.0,0.1764705882352941,0.6048517227172852,0.7034598588943481
542,SYS_B,0.32558139534883723,0.2926829268292683,0.32558139534883723,0.6388426423072815,0.4602498412132263
543,SYS_B,0.35714285714285715,0.0,0.21428571428571425,0.6355284452438354,0.6017411947250366
544,SYS_B,0.3703703703703703,0.16,0.2222222222222222,0.6134911775588989,0.7266249656677246
545,SYS_B,0.4615384615384615,0.21621621621621623,0.4615384615384615,0.6856226921081543,0.8369314670562744
546,SYS_B,0.3333333333333333,0.07142857142857142,0.26666666666666666,0.6052072048187256,0.8365436792373657
547,SYS_B,0.23809523809523805,0.05,0.09523809523809523,0.5963790416717529,0.7866190671920776
548,SYS_B,0.3125,0.16129032258064518,0.25,0.6407157778739929,0.7231175899505615
549,SYS_B,0.27272727272727276,0.04761904761904761,0.1818181818181818,0.6288647055625916,0.7981888055801392
550,SYS_B,0.6363636363636364,0.6,0.6363636363636364,0.7536231875419617,0.7817959189414978
551,SYS_B,0.09523809523809523,0.0,0.09523809523809523,0.5375726222991943,0.4115459620952606
552,SYS_B,0.10526315789473685,0.0,0.10526315789473685,0.5917219519615173,0.6785979270935059
553,SYS_B,0.18750000000000003,0.0,0.125,0.5354115962982178,0.3441658914089203
554,SYS_B,0.2916666666666667,0.1739130434782609,0.25,0.5839203596115112,0.5731365084648132
555,SYS_B,0.6666666666666666,0.56,0.6666666666666666,0.7674605250358582,0.8595597743988037
556,SYS_B,0.32142857142857145,0.14814814814814814,0.2857142857142857,0.634410560131073,0.6245997548103333
557,SYS_B,0.0,0.0,0.0,0.4338442385196686,0.470697820186615
558,SYS_B,0.14285714285714285,0.0,0.14285714285714285,0.5650442242622375,0.6899741888046265
559,SYS_B,0.5555555555555556,0.375,0.5555555555555556,0.737176239490509,0.6903965473175049
560,SYS_B,0.33333333333333337,0.19999999999999998,0.33333333333333337,0.5268175005912781,0.6852355599403381
561,SYS_B,0.4255319148936171,0.4,0.4255319148936171,0.6634505987167358,0.9416160583496094
562,SYS_B,0.24000000000000005,0.08695652173913045,0.16,0.5437383651733398,0.5267243385314941
563,SYS_B,0.52,0.375,0.32,0.7230125069618225,0.7938330769538879
564,SYS_B,0.0,0.0,0.0,0.38667139410972595,0.26346105337142944
565,SYS_B,0.5714285714285713,0.2105263157894737,0.380952380952381,0.7026786208152771,0.721695601940155
566,SYS_B,0.2352941176470588,0.0,0.15686274509803924,0.444875031709671,0.514628529548645
567,SYS_B,0.3684210526315789,0.16666666666666669,0.2631578947368421,0.5852027535438538,0.6660666465759277
568,SYS_B,0.34285714285714286,0.12121212121212122,0.34285714285714286,0.6645848155021667,0.8638677597045898
569,SYS_B,0.6857142857142857,0.48484848484848486,0.6857142857142857,0.8205071091651917,0.7596732378005981
570,SYS_B,0.05,0.0,0.05,0.40782761573791504,0.40134909749031067
571,SYS_B,0.0,0.0,0.0,0.42668357491493225,0.24048107862472534
572,SYS_B,0.7999999999999999,0.6428571428571429,0.7999999999999999,0.9194883704185486,0.9355509281158447
573,SYS_B,0.25,0.12903225806451613,0.21875,0.645847499370575,0.8630913496017456
574,SYS_B,0.23529411764705885,0.0,0.23529411764705885,0.5114090442657471,0.0859355702996254
575,SYS_B,0.06666666666666667,0.0,0.06666666666666667,0.3938872218132019,0.07114231586456299
576,SYS_B,0.42857142857142855,0.23076923076923078,0.2857142857142857,0.4774908721446991,0.3277238607406616
577,SYS_B,0.08,0.0,0.08,0.5262187719345093,0.20107537508010864
578,SYS_B,0.43636363636363634,0.18867924528301885,0.32727272727272727,0.6635869741439819,0.5174323320388794
579,SYS_B,0.588235294117647,0.26666666666666666,0.588235294117647,0.5798389911651611,0.7023996114730835
580,SYS_B,0.22641509433962262,0.07843137254901962,0.18867924528301888,0.5496088266372681,0.6764382123947144
581,SYS_B,0.20512820512820512,0.05405405405405405,0.15384615384615383,0.5405964851379395,0.4537055492401123
582,SYS_B,0.4166666666666667,0.2727272727272727,0.3333333333333333,0.6387642025947571,0.6250066757202148
583,SYS_B,0.4799999999999999,0.34782608695652173,0.4799999999999999,0.7301191091537476,0.5851727724075317
584,SYS_B,0.17857142857142855,0.1111111111111111,0.17857142857142855,0.4942028522491455,0.5267584323883057
585,SYS_B,0.6956521739130435,0.5714285714285713,0.6956521739130435,0.8043774366378784,0.7756375074386597
586,SYS_B,0.2222222222222222,0.0,0.2222222222222222,0.5638291835784912,0.7204005718231201
587,SYS_B,0.42857142857142855,0.15384615384615385,0.42857142857142855,0.7255456447601318,0.8185533285140991
588,SYS_B,0.2,0.052631578947368425,0.15,0.5335178971290588,0.5278710126876831
589,SYS_B,0.7200000000000001,0.608695652173913,0.7200000000000001,0.8004747033119202,0.9032641649246216
590,SYS_B,0.3076923076923077,0.08,0.19230769230769232,0.5444519519805908,0.4988049864768982
591,SYS_B,0.19047619047619044,0.0,0.09523809523809522,0.5227394700050354,0.471901535987854
592,SYS_B,0.12903225806451613,0.0,0.0967741935483871,0.5032587051391602,0.3977665901184082
593,SYS_B,0.3,0.17241379310344826,0.26666666666666666,0.6444157361984253,0.744831919670105
594,SYS_B,0.0,0.0,0.0,0.40584877133369446,0.06757129728794098
595,SYS_B,0.0625,0.0,0.0625,0.5593110918998718,0.16576886177062988
596,SYS_B,0.32727272727272727,0.18867924528301888,0.2909090909090909,0.5429378151893616,0.784257709980011
597,SYS_B,0.42857142857142855,0.0,0.42857142857142855,0.6996811628341675,0.7515450716018677
598,SYS_B,0.35294117647058826,0.18749999999999997,0.35294117647058826,0.5937709212303162,0.8268211483955383
599,SYS_B,0.25806451612903225,0.06896551724137931,0.19354838709677416,0.6532435417175293,0.7222512364387512
