sample_id,system,rouge1,rouge2,rougeL,bertscore_f1,semantic_bert_cosine
0,SYS_A,0.7058823529411764,0.6666666666666666,0.7058823529411764,0.7997689247131348,0.64902663230896
1,SYS_A,0.1904761904761905,0.0,0.09523809523809525,0.45056262612342834,0.33926182985305786
2,SYS_A,0.2,0.0,0.2,0.5857034921646118,0.7427084445953369
3,SYS_A,0.380952380952381,0.10526315789473685,0.2857142857142857,0.6632792949676514,0.7240066528320312
4,SYS_A,0.30769230769230765,0.0,0.15384615384615383,0.5857370495796204,0.6440168023109436
5,SYS_A,0.16,0.08695652173913043,0.16,0.6257707476615906,0.7063429951667786
6,SYS_A,0.2,0.0,0.1,0.5797948241233826,0.4771595001220703
7,SYS_A,0.1,0.0,0.1,0.4764143228530884,0.21857279539108276
8,SYS_A,0.3636363636363636,0.22222222222222224,0.3636363636363636,0.5728923082351685,0.6980693936347961
9,SYS_A,0.19047619047619047,0.0,0.09523809523809523,0.5351670384407043,0.38978347182273865
10,SYS_A,0.8,0.608695652173913,0.8,0.8362250328063965,0.8490570783615112
11,SYS_A,0.48,0.17391304347826086,0.4,0.7343578934669495,0.868401050567627
12,SYS_A,0.2222222222222222,0.0,0.1111111111111111,0.53734290599823,0.6712874174118042
13,SYS_A,0.8750000000000001,0.8571428571428571,0.8750000000000001,0.5834085941314697,0.6285260319709778
14,SYS_A,0.29411764705882354,0.0,0.23529411764705882,0.6134727597236633,0.3769022226333618
15,SYS_A,0.5217391304347826,0.09523809523809525,0.34782608695652173,0.570000171661377,0.5096116065979004
16,SYS_A,0.2608695652173913,0.0,0.17391304347826086,0.5970738530158997,0.6355234384536743
17,SYS_A,0.3333333333333333,0.25000000000000006,0.3333333333333333,0.5724917054176331,0.5042659640312195
18,SYS_A,0.761904761904762,0.4210526315789474,0.5714285714285714,0.7864735126495361,0.7571378946304321
19,SYS_A,0.4,0.2608695652173913,0.32,0.685701310634613,0.7815300226211548
20,SYS_A,0.2608695652173913,0.0,0.17391304347826086,0.5690940022468567,0.5202845335006714
21,SYS_A,0.2727272727272727,0.10000000000000002,0.2727272727272727,0.6048163175582886,0.5640187859535217
22,SYS_A,0.6363636363636364,0.4,0.6363636363636364,0.7513831853866577,0.8735910654067993
23,SYS_A,0.4347826086956522,0.28571428571428575,0.34782608695652173,0.5694817304611206,0.6160606145858765
24,SYS_A,0.5454545454545455,0.3,0.3636363636363637,0.644184410572052,0.7292134761810303
25,SYS_A,0.2608695652173913,0.0,0.17391304347826086,0.6157241463661194,0.642524778842926
26,SYS_A,0.5,0.0,0.25,0.5749683976173401,0.7841023206710815
27,SYS_A,0.2727272727272727,0.0,0.18181818181818182,0.5458441376686096,0.6066426634788513
28,SYS_A,0.06666666666666667,0.0,0.06666666666666667,0.5239742398262024,0.5062950849533081
29,SYS_A,0.3333333333333333,0.2,0.3333333333333333,0.5672491788864136,0.5090087056159973
30,SYS_A,0.5333333333333333,0.15384615384615383,0.39999999999999997,0.6285778284072876,0.6386070847511292
31,SYS_A,0.2105263157894737,0.0,0.10526315789473685,0.5148801803588867,0.5611815452575684
32,SYS_A,0.2105263157894737,0.0,0.2105263157894737,0.6615291237831116,0.7211353778839111
33,SYS_A,0.4799999999999999,0.4347826086956522,0.4799999999999999,0.6935946941375732,0.6741870641708374
34,SYS_A,0.23529411764705882,0.13333333333333333,0.23529411764705882,0.5453556180000305,0.46735185384750366
35,SYS_A,0.39999999999999997,0.0,0.26666666666666666,0.5378148555755615,0.6663973927497864
36,SYS_A,0.09090909090909091,0.0,0.09090909090909091,0.5825981497764587,0.7355296611785889
37,SYS_A,0.25,0.14285714285714288,0.25,0.6491098999977112,0.5111684799194336
38,SYS_A,0.7777777777777778,0.5,0.6666666666666666,0.8780956864356995,0.882787823677063
39,SYS_A,0.31578947368421056,0.23529411764705882,0.31578947368421056,0.4250207245349884,0.731564998626709
40,SYS_A,0.14285714285714288,0.0,0.14285714285714288,0.4926949739456177,0.4098426103591919
41,SYS_A,0.5454545454545454,0.3,0.5454545454545454,0.7155433297157288,0.8422316312789917
42,SYS_A,0.22222222222222224,0.0,0.22222222222222224,0.6761171817779541,0.612102210521698
43,SYS_A,0.6153846153846153,0.36363636363636365,0.46153846153846156,0.7014250755310059,0.7419316172599792
44,SYS_A,0.43478260869565216,0.28571428571428564,0.43478260869565216,0.6776473522186279,0.6606909036636353
45,SYS_A,0.4761904761904762,0.3157894736842105,0.4761904761904762,0.6665335893630981,0.6568105220794678
46,SYS_A,0.608695652173913,0.19047619047619047,0.43478260869565216,0.6093751788139343,0.9081497192382812
47,SYS_A,0.33333333333333326,0.125,0.33333333333333326,0.5864989757537842,0.6269257068634033
48,SYS_A,0.30769230769230765,0.08333333333333334,0.23076923076923075,0.6094281673431396,0.6316484808921814
49,SYS_A,0.11764705882352941,0.0,0.11764705882352941,0.6000141501426697,0.5579395294189453
50,SYS_A,0.4444444444444445,0.23999999999999996,0.3703703703703704,0.641628623008728,0.7174290418624878
51,SYS_A,0.20689655172413793,0.0,0.13793103448275862,0.5910995006561279,0.44262975454330444
52,SYS_A,0.3703703703703703,0.08,0.2962962962962963,0.5201345682144165,0.5980926156044006
53,SYS_A,0.33333333333333326,0.0,0.33333333333333326,0.6285814642906189,0.792995810508728
54,SYS_A,0.16666666666666669,0.0,0.16666666666666669,0.5954759120941162,0.8115999698638916
55,SYS_A,0.923076923076923,0.7272727272727272,0.923076923076923,0.945003867149353,0.8545837998390198
56,SYS_A,0.380952380952381,0.0,0.380952380952381,0.6377052664756775,0.63010573387146
57,SYS_A,0.3,0.0,0.19999999999999998,0.5663443207740784,0.6711077690124512
58,SYS_A,0.2222222222222222,0.125,0.2222222222222222,0.6125914454460144,0.5802487134933472
59,SYS_A,0.2727272727272727,0.0,0.18181818181818182,0.5184636116027832,0.6150777339935303
60,SYS_A,0.3333333333333333,0.125,0.2222222222222222,0.5933284163475037,0.7312031388282776
61,SYS_A,0.7368421052631579,0.23529411764705885,0.5263157894736842,0.8347147703170776,0.9210402965545654
62,SYS_A,0.34782608695652173,0.09523809523809525,0.2608695652173913,0.5493711829185486,0.5616298317909241
63,SYS_A,0.46153846153846156,0.18181818181818182,0.46153846153846156,0.6360064744949341,0.7380220890045166
64,SYS_A,0.33333333333333337,0.0,0.33333333333333337,0.6064838767051697,0.5949990749359131
65,SYS_A,0.10526315789473684,0.0,0.10526315789473684,0.5261374711990356,0.3884872794151306
66,SYS_A,0.4000000000000001,0.0,0.3,0.6151930093765259,0.6518628001213074
67,SYS_A,0.2608695652173913,0.0,0.2608695652173913,0.6103436350822449,0.5003045201301575
68,SYS_A,0.6250000000000001,0.5714285714285715,0.6250000000000001,0.7401503920555115,0.776928186416626
69,SYS_A,0.2105263157894737,0.0,0.2105263157894737,0.6102418303489685,0.5520633459091187
70,SYS_A,0.3157894736842105,0.11764705882352941,0.3157894736842105,0.6006405353546143,0.4544581472873688
71,SYS_A,0.0,0.0,0.0,0.5704542398452759,0.5715587139129639
72,SYS_A,0.3,0.0,0.1,0.580843448638916,0.6647271513938904
73,SYS_A,0.2222222222222222,0.0,0.2222222222222222,0.5977097153663635,0.5025049448013306
74,SYS_A,0.16,0.0,0.08,0.5909414291381836,0.6349641680717468
75,SYS_A,0.23076923076923075,0.0,0.15384615384615383,0.5560650825500488,0.505825400352478
76,SYS_A,0.36363636363636365,0.1,0.2727272727272727,0.5924750566482544,0.6027241945266724
77,SYS_A,0.4545454545454546,0.0,0.27272727272727276,0.674778163433075,0.6296350955963135
78,SYS_A,0.10526315789473682,0.0,0.10526315789473682,0.5645207166671753,0.5021129846572876
79,SYS_A,0.24000000000000002,0.08695652173913043,0.24000000000000002,0.606820821762085,0.661344051361084
80,SYS_A,0.5185185185185186,0.32,0.4444444444444445,0.7710884809494019,0.6802935600280762
81,SYS_A,0.11764705882352941,0.0,0.11764705882352941,0.5289857387542725,0.3742702007293701
82,SYS_A,0.4444444444444445,0.125,0.33333333333333326,0.5651692152023315,0.7001505494117737
83,SYS_A,0.14285714285714285,0.0,0.14285714285714285,0.4848310649394989,0.5307434797286987
84,SYS_A,0.24000000000000002,0.08695652173913043,0.16,0.6474822759628296,0.5486164689064026
85,SYS_A,0.4117647058823529,0.0,0.23529411764705882,0.6155056357383728,0.7269946336746216
86,SYS_A,0.3846153846153846,0.16666666666666669,0.30769230769230765,0.6221097707748413,0.555316150188446
87,SYS_A,0.4615384615384615,0.25,0.4615384615384615,0.6739892959594727,0.6608238220214844
88,SYS_A,0.4,0.08695652173913043,0.32,0.6071117520332336,0.6755425930023193
89,SYS_A,0.631578947368421,0.23529411764705882,0.631578947368421,0.6761675477027893,0.7344378232955933
90,SYS_A,0.3703703703703704,0.23999999999999996,0.3703703703703704,0.6659266948699951,0.6587401628494263
91,SYS_A,0.2105263157894737,0.0,0.2105263157894737,0.6344587206840515,0.493324875831604
92,SYS_A,0.22222222222222224,0.125,0.22222222222222224,0.6643500924110413,0.6496974229812622
93,SYS_A,0.6956521739130435,0.4761904761904762,0.6956521739130435,0.6709434390068054,0.7085387706756592
94,SYS_A,0.5555555555555556,0.25,0.5555555555555556,0.6978544592857361,0.7696326971054077
95,SYS_A,0.20689655172413793,0.0,0.13793103448275862,0.5917981863021851,0.6355447769165039
96,SYS_A,0.64,0.17391304347826086,0.24000000000000002,0.6315425038337708,0.8787479400634766
97,SYS_A,0.6206896551724138,0.4444444444444445,0.4137931034482759,0.7668887376785278,0.8613544702529907
98,SYS_A,0.33333333333333326,0.0,0.22222222222222224,0.609560489654541,0.7324153780937195
99,SYS_A,0.7058823529411764,0.4,0.7058823529411764,0.7188941240310669,0.9112498760223389
100,SYS_A,0.5,0.2222222222222222,0.4,0.7696760296821594,0.9015641212463379
101,SYS_A,0.608695652173913,0.380952380952381,0.5217391304347826,0.7471352815628052,0.7489924430847168
102,SYS_A,0.3333333333333333,0.0,0.3333333333333333,0.871018648147583,0.8675087690353394
103,SYS_A,0.25000000000000006,0.0,0.25000000000000006,0.6231690645217896,0.6051798462867737
104,SYS_A,0.608695652173913,0.4761904761904762,0.608695652173913,0.802167534828186,0.8763525485992432
105,SYS_A,0.18181818181818185,0.1,0.18181818181818185,0.4940972924232483,0.5067043304443359
106,SYS_A,0.30769230769230765,0.0,0.15384615384615383,0.5471855998039246,0.5942448973655701
107,SYS_A,0.33333333333333326,0.125,0.33333333333333326,0.6345798969268799,0.6051163673400879
108,SYS_A,0.5714285714285714,0.3333333333333333,0.5714285714285714,0.5901973247528076,0.6834660172462463
109,SYS_A,1.0,1.0,1.0,1.0000001192092896,1.0000001192092896
110,SYS_A,0.4,0.08695652173913043,0.24000000000000002,0.5504739880561829,0.6405540704727173
111,SYS_A,0.2608695652173913,0.09523809523809525,0.17391304347826086,0.5435991883277893,0.4575759172439575
112,SYS_A,0.5454545454545454,0.4,0.45454545454545453,0.6469566226005554,0.7938693761825562
113,SYS_A,0.3333333333333333,0.2,0.3333333333333333,0.6397656202316284,0.8670165538787842
114,SYS_A,0.2962962962962963,0.16,0.14814814814814814,0.6284223198890686,0.6276991963386536
115,SYS_A,0.42857142857142855,0.0,0.42857142857142855,0.6676110029220581,0.5057617425918579
116,SYS_A,0.0,0.0,0.0,0.4500596821308136,0.4487053453922272
117,SYS_A,0.26086956521739135,0.0,0.26086956521739135,0.5814458131790161,0.4321756958961487
118,SYS_A,0.26666666666666666,0.07142857142857142,0.26666666666666666,0.4864518642425537,0.5444958209991455
119,SYS_A,0.5,0.18181818181818182,0.3333333333333333,0.6301577687263489,0.6862202882766724
120,SYS_A,0.888888888888889,0.8750000000000001,0.888888888888889,0.8706861138343811,0.8416164517402649
121,SYS_A,0.18181818181818182,0.10000000000000002,0.18181818181818182,0.5861329436302185,0.5433317422866821
122,SYS_A,0.2608695652173913,0.0,0.2608695652173913,0.6750127077102661,0.5256406664848328
123,SYS_A,0.34782608695652173,0.1904761904761905,0.34782608695652173,0.5895127058029175,0.7091257572174072
124,SYS_A,0.5454545454545454,0.1,0.5454545454545454,0.7607256770133972,0.6940388679504395
125,SYS_A,0.5333333333333333,0.4615384615384615,0.5333333333333333,0.7322779297828674,0.5880827307701111
126,SYS_A,0.29629629629629634,0.16,0.29629629629629634,0.6422297358512878,0.9019078016281128
127,SYS_A,0.4761904761904762,0.2105263157894737,0.4761904761904762,0.716529130935669,0.5813077688217163
128,SYS_A,0.5263157894736842,0.23529411764705885,0.5263157894736842,0.6530951261520386,0.5053311586380005
129,SYS_A,0.2857142857142857,0.2105263157894737,0.2857142857142857,0.5754187107086182,0.5836315155029297
130,SYS_A,0.21052631578947367,0.0,0.21052631578947367,0.5689842104911804,0.4620334506034851
131,SYS_A,0.0,0.0,0.0,0.49382296204566956,0.5565099120140076
132,SYS_A,0.3333333333333333,0.12500000000000003,0.3333333333333333,0.5631470680236816,0.5897060632705688
133,SYS_A,0.19047619047619044,0.10526315789473682,0.19047619047619044,0.5861374139785767,0.5054404735565186
134,SYS_A,0.4444444444444445,0.125,0.33333333333333326,0.6414571404457092,0.8361748456954956
135,SYS_A,0.3157894736842105,0.11764705882352941,0.3157894736842105,0.6933599710464478,0.7614989280700684
136,SYS_A,0.6666666666666667,0.6153846153846154,0.6666666666666667,0.733482301235199,0.7424390316009521
137,SYS_A,0.64,0.43478260869565216,0.56,0.590663731098175,0.7319842576980591
138,SYS_A,0.16666666666666666,0.09090909090909091,0.16666666666666666,0.6066089868545532,0.7251623272895813
139,SYS_A,0.5384615384615384,0.41666666666666663,0.5384615384615384,0.6681908965110779,0.655491292476654
140,SYS_A,0.6666666666666665,0.37499999999999994,0.5555555555555556,0.7221396565437317,0.7347850799560547
141,SYS_A,0.5217391304347826,0.380952380952381,0.5217391304347826,0.6589980721473694,0.6740577220916748
142,SYS_A,0.32,0.08695652173913043,0.32,0.6243667602539062,0.7514656186103821
143,SYS_A,0.3333333333333333,0.0,0.3333333333333333,0.5639345645904541,0.4414312243461609
144,SYS_A,0.4,0.17391304347826086,0.23999999999999996,0.6760082840919495,0.7841960787773132
145,SYS_A,0.2727272727272727,0.09999999999999999,0.2727272727272727,0.5770944356918335,0.5558938980102539
146,SYS_A,0.380952380952381,0.2105263157894737,0.380952380952381,0.6440959572792053,0.7080086469650269
147,SYS_A,0.39999999999999997,0.33333333333333326,0.39999999999999997,0.6762365698814392,0.4230523705482483
148,SYS_A,0.5263157894736842,0.11764705882352941,0.42105263157894735,0.6333191990852356,0.8080646395683289
149,SYS_A,0.6923076923076923,0.5,0.6153846153846154,0.7295498847961426,0.7550434470176697
150,SYS_A,0.5263157894736842,0.11764705882352942,0.4210526315789474,0.6835442185401917,0.7769354581832886
151,SYS_A,0.4,0.08695652173913043,0.4,0.6776648759841919,0.40371477603912354
152,SYS_A,0.4210526315789474,0.0,0.3157894736842105,0.5680044889450073,0.6163127422332764
153,SYS_A,0.4615384615384615,0.3333333333333333,0.4615384615384615,0.7375611066818237,0.8610947132110596
154,SYS_A,0.7826086956521738,0.5714285714285715,0.5217391304347826,0.8266156315803528,0.821353554725647
155,SYS_A,0.19999999999999998,0.11111111111111112,0.19999999999999998,0.5616787672042847,0.6299893856048584
156,SYS_A,0.15384615384615383,0.0,0.15384615384615383,0.6138549447059631,0.3605315685272217
157,SYS_A,0.15384615384615383,0.0,0.15384615384615383,0.4561184048652649,0.5831761360168457
158,SYS_A,0.0,0.0,0.0,0.5437425374984741,0.37967485189437866
159,SYS_A,0.45454545454545453,0.3,0.45454545454545453,0.7356604933738708,0.7591952085494995
160,SYS_A,0.39999999999999997,0.22222222222222224,0.39999999999999997,0.7154834866523743,0.7457274198532104
161,SYS_A,0.7272727272727273,0.4444444444444444,0.5454545454545454,0.7885711193084717,0.9567174911499023
162,SYS_A,0.5263157894736842,0.35294117647058826,0.5263157894736842,0.7852355241775513,0.7311595678329468
163,SYS_A,0.5263157894736842,0.11764705882352941,0.5263157894736842,0.7665258049964905,0.7072843313217163
164,SYS_A,0.7368421052631579,0.588235294117647,0.5263157894736842,0.6768085360527039,0.7962684631347656
165,SYS_A,0.5000000000000001,0.14285714285714288,0.37499999999999994,0.6061680316925049,0.5547435283660889
166,SYS_A,0.5714285714285715,0.3333333333333333,0.5714285714285715,0.8227033615112305,0.8902882933616638
167,SYS_A,0.7058823529411764,0.26666666666666666,0.47058823529411764,0.7388031482696533,0.9050502777099609
168,SYS_A,0.3529411764705882,0.0,0.23529411764705882,0.6097338795661926,0.6527274250984192
169,SYS_A,0.45454545454545453,0.4,0.45454545454545453,0.7060532569885254,0.6458141207695007
170,SYS_A,0.4,0.2608695652173913,0.4,0.6573436856269836,0.8393172025680542
171,SYS_A,0.8333333333333333,0.8,0.8333333333333333,0.9066193699836731,0.970146894454956
172,SYS_A,0.3333333333333333,0.2,0.3333333333333333,0.6026236414909363,0.6318138241767883
173,SYS_A,0.4000000000000001,0.2222222222222222,0.4000000000000001,0.7575705051422119,0.6808816194534302
174,SYS_A,0.5882352941176471,0.26666666666666666,0.47058823529411764,0.7175090909004211,0.7308031320571899
175,SYS_A,0.41666666666666663,0.0,0.16666666666666669,0.6668825149536133,0.7282792925834656
176,SYS_A,0.6363636363636364,0.20000000000000004,0.45454545454545453,0.7130789756774902,0.8029001355171204
177,SYS_A,0.43478260869565216,0.1904761904761905,0.43478260869565216,0.6745811700820923,0.5159396529197693
178,SYS_A,0.375,0.2857142857142857,0.375,0.5125641822814941,0.524605393409729
179,SYS_A,0.3636363636363636,0.0,0.1818181818181818,0.4275895357131958,0.557263195514679
180,SYS_A,0.27586206896551724,0.07407407407407407,0.27586206896551724,0.6475105881690979,0.7008007764816284
181,SYS_A,0.6666666666666665,0.5714285714285715,0.6666666666666665,0.7807497978210449,0.5841325521469116
182,SYS_A,0.8750000000000001,0.7142857142857143,0.8750000000000001,0.8754816651344299,0.9669409394264221
183,SYS_A,0.6,0.2222222222222222,0.5,0.6513845324516296,0.7971301674842834
184,SYS_A,0.4,0.25,0.4,0.6435678005218506,0.6481239795684814
185,SYS_A,0.6153846153846153,0.5454545454545454,0.6153846153846153,0.7998947501182556,0.866419792175293
186,SYS_A,0.23076923076923075,0.0,0.15384615384615383,0.5202659368515015,0.5327110886573792
187,SYS_A,0.2727272727272727,0.1,0.2727272727272727,0.630803644657135,0.8315002918243408
188,SYS_A,0.18181818181818182,0.10000000000000002,0.18181818181818182,0.6281728744506836,0.5756916999816895
189,SYS_A,0.4347826086956522,0.28571428571428575,0.4347826086956522,0.6734487414360046,0.7262324690818787
190,SYS_A,0.125,0.0,0.125,0.5370975136756897,0.6382967233657837
191,SYS_A,0.11764705882352941,0.0,0.11764705882352941,0.48586830496788025,0.4149661064147949
192,SYS_A,0.1739130434782609,0.0,0.1739130434782609,0.607109785079956,0.46330228447914124
193,SYS_A,0.4210526315789474,0.23529411764705885,0.4210526315789474,0.6261465549468994,0.7620257139205933
194,SYS_A,0.4,0.15384615384615385,0.4,0.5786534547805786,0.6653429865837097
195,SYS_A,0.4545454545454546,0.2,0.3636363636363637,0.752615749835968,0.6987693905830383
196,SYS_A,0.6153846153846153,0.41666666666666663,0.6153846153846153,0.6746587753295898,0.7877890467643738
197,SYS_A,0.380952380952381,0.2105263157894737,0.380952380952381,0.58454829454422,0.8333063721656799
198,SYS_A,0.17391304347826086,0.09523809523809525,0.17391304347826086,0.5497274398803711,0.4813334345817566
199,SYS_A,0.33333333333333337,0.0,0.16666666666666669,0.6257391571998596,0.5335603952407837
200,SYS_A,0.380952380952381,0.10526315789473685,0.28571428571428575,0.6604402661323547,0.7287740707397461
201,SYS_A,0.23529411764705882,0.0,0.23529411764705882,0.6102929711341858,0.6223620772361755
202,SYS_A,0.28571428571428564,0.10526315789473685,0.28571428571428564,0.5504844784736633,0.6276125907897949
203,SYS_A,0.4210526315789474,0.11764705882352941,0.3157894736842105,0.5529831051826477,0.7665817141532898
204,SYS_A,0.8000000000000002,0.5555555555555556,0.8000000000000002,0.8942772746086121,0.7190648317337036
205,SYS_A,0.4,0.3076923076923077,0.4,0.6125983595848083,0.6683562994003296
206,SYS_A,0.4761904761904762,0.2105263157894737,0.4761904761904762,0.7601001262664795,0.7243919968605042
207,SYS_A,0.26666666666666666,0.0,0.26666666666666666,0.5474144220352173,0.4277802109718323
208,SYS_A,0.5714285714285714,0.21052631578947367,0.5714285714285714,0.6470152139663696,0.698843240737915
209,SYS_A,0.8695652173913044,0.8571428571428571,0.8695652173913044,0.9125844240188599,0.8487299084663391
210,SYS_A,0.3529411764705882,0.0,0.3529411764705882,0.5407525300979614,0.5519037246704102
211,SYS_A,0.45454545454545453,0.09999999999999999,0.1818181818181818,0.6052270531654358,0.5909945368766785
212,SYS_A,0.6666666666666666,0.4210526315789474,0.4761904761904762,0.648980438709259,0.8527334332466125
213,SYS_A,0.5454545454545454,0.4444444444444444,0.5454545454545454,0.7033169269561768,0.8394873142242432
214,SYS_A,0.17391304347826086,0.0,0.17391304347826086,0.5682198405265808,0.44042205810546875
215,SYS_A,0.7199999999999999,0.43478260869565216,0.64,0.7245892286300659,0.7126321792602539
216,SYS_A,0.0,0.0,0.0,0.5220593810081482,0.27349352836608887
217,SYS_A,0.42857142857142855,0.3333333333333333,0.42857142857142855,0.692557156085968,0.7250887155532837
218,SYS_A,0.5333333333333333,0.30769230769230765,0.5333333333333333,0.6816266775131226,0.6906571388244629
219,SYS_A,0.2857142857142857,0.0,0.14285714285714285,0.5383761525154114,0.6527427434921265
220,SYS_A,0.5,0.15384615384615385,0.2857142857142857,0.6460070610046387,0.7056410312652588
221,SYS_A,0.25,0.0,0.25,0.5705095529556274,0.3456481099128723
222,SYS_A,0.35294117647058826,0.13333333333333333,0.23529411764705882,0.6044878363609314,0.7717649936676025
223,SYS_A,0.21052631578947364,0.0,0.10526315789473682,0.4834212362766266,0.13557180762290955
224,SYS_A,0.6666666666666666,0.625,0.6666666666666666,0.728495717048645,0.8512043952941895
225,SYS_A,0.26666666666666666,0.0,0.19999999999999998,0.5789839029312134,0.5881540775299072
226,SYS_A,0.7272727272727273,0.6666666666666666,0.7272727272727273,0.8202705383300781,0.8363845348358154
227,SYS_A,0.5217391304347826,0.28571428571428575,0.2608695652173913,0.6822490096092224,0.8893046379089355
228,SYS_A,0.6086956521739131,0.4761904761904762,0.5217391304347826,0.7185264229774475,0.5935582518577576
229,SYS_A,0.19999999999999998,0.0,0.19999999999999998,0.5743017196655273,0.6870375275611877
230,SYS_A,0.6666666666666666,0.6153846153846153,0.6666666666666666,0.6347620487213135,0.8697395324707031
231,SYS_A,0.125,0.0,0.125,0.660395085811615,0.6333918571472168
232,SYS_A,0.2857142857142857,0.0,0.1904761904761905,0.5855687856674194,0.5279608368873596
233,SYS_A,0.43478260869565216,0.09523809523809525,0.34782608695652173,0.6796229481697083,0.80368971824646
234,SYS_A,0.3,0.0,0.09999999999999999,0.5286049842834473,0.38827842473983765
235,SYS_A,0.33333333333333326,0.25,0.33333333333333326,0.6660369038581848,0.6447135806083679
236,SYS_A,0.3529411764705882,0.26666666666666666,0.3529411764705882,0.584416925907135,0.7730245590209961
237,SYS_A,0.2727272727272727,0.2,0.2727272727272727,0.5737340450286865,0.661126971244812
238,SYS_A,0.375,0.14285714285714288,0.375,0.7485638856887817,0.840351402759552
239,SYS_A,0.6363636363636364,0.4000000000000001,0.6363636363636364,0.8057066798210144,0.8273910880088806
240,SYS_A,0.36363636363636365,0.0,0.2727272727272727,0.5891176462173462,0.5441523194313049
241,SYS_A,0.34782608695652173,0.09523809523809525,0.34782608695652173,0.6166415810585022,0.6161876916885376
242,SYS_A,0.3333333333333333,0.0,0.3333333333333333,0.6090735793113708,0.6375709772109985
243,SYS_A,0.6153846153846154,0.0,0.4615384615384615,0.706392228603363,0.8226420879364014
244,SYS_A,0.4761904761904762,0.2105263157894737,0.4761904761904762,0.7061740756034851,0.6491378545761108
245,SYS_A,0.33333333333333326,0.0,0.22222222222222224,0.6246016621589661,0.6326509714126587
246,SYS_A,0.23529411764705882,0.0,0.23529411764705882,0.4746292233467102,0.46666914224624634
247,SYS_A,0.4347826086956522,0.09523809523809525,0.2608695652173913,0.5965256690979004,0.6529272794723511
248,SYS_A,0.6153846153846153,0.08333333333333334,0.3846153846153846,0.7108168005943298,0.5854313969612122
249,SYS_A,0.3333333333333333,0.0,0.3333333333333333,0.6002433896064758,0.5912361741065979
250,SYS_A,0.33333333333333337,0.0,0.2222222222222222,0.5332340002059937,0.6206565499305725
251,SYS_A,0.761904761904762,0.631578947368421,0.761904761904762,0.8718661665916443,0.7431143522262573
252,SYS_A,0.4210526315789474,0.11764705882352941,0.3157894736842105,0.5592932105064392,0.7120825052261353
253,SYS_A,0.2727272727272727,0.2,0.2727272727272727,0.5901066660881042,0.5455047488212585
254,SYS_A,0.25,0.14285714285714285,0.25,0.6081154942512512,0.5795823931694031
255,SYS_A,0.6,0.3333333333333333,0.6,0.7778006196022034,0.853003740310669
256,SYS_A,0.2727272727272727,0.0,0.18181818181818182,0.5930797457695007,0.4523788094520569
257,SYS_A,0.3333333333333333,0.0,0.2222222222222222,0.6720206141471863,0.8654184341430664
258,SYS_A,0.1904761904761905,0.0,0.09523809523809525,0.6184773445129395,0.47455599904060364
259,SYS_A,0.30769230769230765,0.08333333333333333,0.23076923076923075,0.6370102167129517,0.7897220849990845
260,SYS_A,0.25,0.0,0.125,0.6590219736099243,0.6533006429672241
261,SYS_A,0.4705882352941177,0.26666666666666666,0.4705882352941177,0.6809483766555786,0.6396082043647766
262,SYS_A,0.5,0.4444444444444444,0.5,0.6011625528335571,0.6154904365539551
263,SYS_A,0.11764705882352941,0.0,0.11764705882352941,0.574677050113678,0.27340078353881836
264,SYS_A,0.3076923076923077,0.0,0.23076923076923078,0.5417761206626892,0.32620951533317566
265,SYS_A,0.7200000000000001,0.6086956521739131,0.7200000000000001,0.8441033959388733,0.7963359951972961
266,SYS_A,0.5833333333333334,0.3636363636363637,0.5833333333333334,0.7223312258720398,0.8073074817657471
267,SYS_A,0.2608695652173913,0.09523809523809525,0.2608695652173913,0.5630568265914917,0.6335735321044922
268,SYS_A,0.19999999999999998,0.0,0.09999999999999999,0.5166789889335632,0.6744972467422485
269,SYS_A,0.6206896551724138,0.4444444444444445,0.6206896551724138,0.6236811876296997,0.8968764543533325
270,SYS_A,0.3,0.0,0.3,0.7082111239433289,0.6005741953849792
271,SYS_A,0.11764705882352941,0.0,0.11764705882352941,0.4806903600692749,0.20328381657600403
272,SYS_A,0.4761904761904762,0.2105263157894737,0.380952380952381,0.741213858127594,0.7973580956459045
273,SYS_A,0.4615384615384615,0.25,0.3846153846153846,0.6945787668228149,0.5704605579376221
274,SYS_A,0.4444444444444444,0.0,0.33333333333333326,0.7383368611335754,0.7534663677215576
275,SYS_A,0.18181818181818185,0.0,0.18181818181818185,0.5440840721130371,0.6145291924476624
276,SYS_A,0.45454545454545453,0.1,0.36363636363636365,0.6631635427474976,0.7784961462020874
277,SYS_A,0.2105263157894737,0.0,0.2105263157894737,0.6669524908065796,0.5678610801696777
278,SYS_A,0.5,0.30769230769230765,0.5,0.7550868988037109,0.8703556656837463
279,SYS_A,0.4761904761904762,0.21052631578947367,0.38095238095238093,0.6359769701957703,0.7029842138290405
280,SYS_A,0.6666666666666665,0.5714285714285715,0.6666666666666665,0.6412335634231567,0.7673548460006714
281,SYS_A,0.4137931034482759,0.07407407407407408,0.2758620689655172,0.716518759727478,0.6479901075363159
282,SYS_A,0.45454545454545453,0.0,0.2727272727272727,0.7279585599899292,0.7235445976257324
283,SYS_A,0.1904761904761905,0.10526315789473685,0.1904761904761905,0.5366612672805786,0.6075377464294434
284,SYS_A,0.75,0.6666666666666666,0.75,0.7576674222946167,0.8358108997344971
285,SYS_A,0.6666666666666666,0.4615384615384615,0.6666666666666666,0.7296509742736816,0.8843841552734375
286,SYS_A,0.6250000000000001,0.42857142857142855,0.6250000000000001,0.7001088857650757,0.8407349586486816
287,SYS_A,0.3157894736842105,0.0,0.21052631578947367,0.5815631747245789,0.7015858888626099
288,SYS_A,0.3571428571428571,0.0,0.3571428571428571,0.6345024108886719,0.8429733514785767
289,SYS_A,0.5217391304347826,0.28571428571428575,0.4347826086956522,0.7374273538589478,0.7803272604942322
290,SYS_A,0.3333333333333333,0.25,0.3333333333333333,0.6047980785369873,0.8132185339927673
291,SYS_A,0.3333333333333333,0.25,0.3333333333333333,0.5776169300079346,0.5632295608520508
292,SYS_A,0.4761904761904762,0.10526315789473685,0.380952380952381,0.7051087617874146,0.642745852470398
293,SYS_A,0.6363636363636364,0.5,0.6363636363636364,0.7829091548919678,0.8351160287857056
294,SYS_A,0.5882352941176471,0.26666666666666666,0.5882352941176471,0.706492006778717,0.9171871542930603
295,SYS_A,0.39999999999999997,0.0,0.39999999999999997,0.6356286406517029,0.7393181920051575
296,SYS_A,0.380952380952381,0.2105263157894737,0.380952380952381,0.6411792635917664,0.6314438581466675
297,SYS_A,0.2857142857142857,0.10526315789473685,0.2857142857142857,0.5812989473342896,0.5468435287475586
298,SYS_A,0.5263157894736842,0.35294117647058826,0.5263157894736842,0.6388148069381714,0.7478318810462952
299,SYS_A,0.08695652173913043,0.0,0.08695652173913043,0.49625521898269653,0.4204775094985962
300,SYS_A,0.7272727272727273,0.20000000000000004,0.5454545454545454,0.7368370890617371,0.7670952081680298
301,SYS_A,0.21052631578947364,0.0,0.21052631578947364,0.5502697825431824,0.6926534175872803
302,SYS_A,0.4615384615384615,0.1818181818181818,0.4615384615384615,0.7004477381706238,0.7040138244628906
303,SYS_A,0.2608695652173913,0.09523809523809525,0.17391304347826086,0.653019905090332,0.7366377115249634
304,SYS_A,0.7142857142857143,0.6666666666666666,0.7142857142857143,0.7970246076583862,0.7994785308837891
305,SYS_A,0.4,0.17391304347826086,0.32,0.6766020655632019,0.8430137634277344
306,SYS_A,0.41666666666666663,0.2727272727272727,0.41666666666666663,0.7987607717514038,0.8943975567817688
307,SYS_A,0.64,0.34782608695652173,0.64,0.7679944038391113,0.7738255262374878
308,SYS_A,0.28571428571428575,0.16666666666666666,0.28571428571428575,0.6409595608711243,0.6430200338363647
309,SYS_A,0.4,0.08695652173913043,0.24000000000000002,0.7551060914993286,0.8475014567375183
310,SYS_A,0.2608695652173913,0.09523809523809525,0.17391304347826086,0.6244050860404968,0.82654869556427
311,SYS_A,0.4,0.0,0.4,0.6087284684181213,0.5886696577072144
312,SYS_A,0.2608695652173913,0.09523809523809525,0.2608695652173913,0.6440309286117554,0.6756768226623535
313,SYS_A,0.6363636363636364,0.5,0.6363636363636364,0.7784851789474487,0.7890676259994507
314,SYS_A,0.26666666666666666,0.15384615384615383,0.26666666666666666,0.4863570034503937,0.6206421256065369
315,SYS_A,0.25,0.09090909090909091,0.25,0.6318502426147461,0.6400466561317444
316,SYS_A,0.8888888888888888,0.75,0.8888888888888888,0.8577295541763306,0.842387318611145
317,SYS_A,0.4545454545454546,0.1,0.3636363636363637,0.6612216234207153,0.8181568384170532
318,SYS_A,0.7333333333333334,0.5,0.6666666666666667,0.877543032169342,0.7668880820274353
319,SYS_A,0.4545454545454546,0.1,0.27272727272727276,0.6463282704353333,0.6340152025222778
320,SYS_A,0.47058823529411764,0.26666666666666666,0.3529411764705882,0.5685035586357117,0.8409996032714844
321,SYS_A,0.5714285714285713,0.10526315789473685,0.1904761904761905,0.7514062523841858,0.7700853943824768
322,SYS_A,0.7368421052631579,0.5882352941176471,0.7368421052631579,0.8545406460762024,0.9385613203048706
323,SYS_A,0.5185185185185186,0.08,0.29629629629629634,0.7105481028556824,0.8150750398635864
324,SYS_A,0.2608695652173913,0.0,0.2608695652173913,0.6711673140525818,0.48094528913497925
325,SYS_A,0.10526315789473685,0.0,0.10526315789473685,0.4794270098209381,0.19187381863594055
326,SYS_A,0.5555555555555556,0.25,0.4444444444444445,0.6202378869056702,0.5635291337966919
327,SYS_A,0.2105263157894737,0.11764705882352941,0.2105263157894737,0.5520327687263489,0.5560087561607361
328,SYS_A,0.9600000000000001,0.8695652173913043,0.64,0.9239539504051208,0.964192271232605
329,SYS_A,0.4,0.17391304347826086,0.32,0.7032651901245117,0.5610638856887817
330,SYS_A,0.5833333333333334,0.45454545454545453,0.5833333333333334,0.7663792967796326,0.8574991226196289
331,SYS_A,0.08695652173913043,0.0,0.08695652173913043,0.4804329574108124,0.391632080078125
332,SYS_A,0.5882352941176471,0.26666666666666666,0.5882352941176471,0.6712419390678406,0.6446582078933716
333,SYS_A,0.7272727272727273,0.5,0.7272727272727273,0.767089307308197,0.7734308838844299
334,SYS_A,0.1,0.0,0.1,0.47721195220947266,0.5227741003036499
335,SYS_A,0.2608695652173913,0.1904761904761905,0.2608695652173913,0.6118452548980713,0.714235246181488
336,SYS_A,0.41666666666666663,0.18181818181818185,0.3333333333333333,0.6902672052383423,0.5539783835411072
337,SYS_A,0.47619047619047616,0.2105263157894737,0.380952380952381,0.7669996619224548,0.814852237701416
338,SYS_A,0.3157894736842105,0.0,0.3157894736842105,0.5600306391716003,0.40155988931655884
339,SYS_A,0.15384615384615385,0.0,0.15384615384615385,0.537567675113678,0.5827295780181885
340,SYS_A,0.24000000000000002,0.08695652173913043,0.24000000000000002,0.5999531149864197,0.5765212774276733
341,SYS_A,0.3333333333333333,0.09090909090909093,0.25,0.6634700894355774,0.5446646213531494
342,SYS_A,0.6,0.4444444444444445,0.39999999999999997,0.7037315964698792,0.8489170074462891
343,SYS_A,0.5714285714285715,0.3333333333333333,0.5714285714285715,0.6901171207427979,0.8973404169082642
344,SYS_A,0.75,0.42857142857142855,0.6250000000000001,0.836451530456543,0.9289920330047607
345,SYS_A,0.5217391304347826,0.1904761904761905,0.34782608695652173,0.7688604593276978,0.8244344592094421
346,SYS_A,0.30769230769230765,0.0,0.23076923076923075,0.592981219291687,0.4624982476234436
347,SYS_A,0.1904761904761905,0.10526315789473685,0.1904761904761905,0.5688789486885071,0.4887029826641083
348,SYS_A,0.24000000000000002,0.08695652173913043,0.24000000000000002,0.595233678817749,0.45273157954216003
349,SYS_A,0.47058823529411764,0.39999999999999997,0.47058823529411764,0.6376968622207642,0.41902774572372437
350,SYS_A,0.3529411764705882,0.26666666666666666,0.3529411764705882,0.5888679027557373,0.6550453901290894
351,SYS_A,0.3333333333333333,0.2,0.3333333333333333,0.4742485284805298,0.36642029881477356
352,SYS_A,0.2962962962962963,0.23999999999999996,0.2962962962962963,0.6479949951171875,0.7877258658409119
353,SYS_A,0.18181818181818185,0.1,0.18181818181818185,0.6185241341590881,0.47347408533096313
354,SYS_A,0.5714285714285714,0.3333333333333333,0.5714285714285714,0.7086887955665588,0.8525359630584717
355,SYS_A,0.5217391304347826,0.380952380952381,0.43478260869565216,0.6457038521766663,0.8214918375015259
356,SYS_A,0.4444444444444445,0.0,0.22222222222222224,0.6355916261672974,0.6908687949180603
357,SYS_A,0.3846153846153846,0.24999999999999994,0.3846153846153846,0.6664433479309082,0.7397812008857727
358,SYS_A,0.34782608695652173,0.0,0.17391304347826086,0.5900024771690369,0.6833590269088745
359,SYS_A,0.5,0.1111111111111111,0.4,0.5717138648033142,0.8293546438217163
360,SYS_A,0.5714285714285713,0.3157894736842105,0.5714285714285713,0.7640383839607239,0.7890948057174683
361,SYS_A,0.2608695652173913,0.0,0.17391304347826086,0.5948836803436279,0.6126253008842468
362,SYS_A,0.15384615384615385,0.08333333333333333,0.15384615384615385,0.5845800638198853,0.5531280040740967
363,SYS_A,1.0,1.0,1.0,0.9705952405929565,0.9905170202255249
364,SYS_A,0.6666666666666666,0.5263157894736842,0.6666666666666666,0.7923110127449036,0.8282246589660645
365,SYS_A,0.1904761904761905,0.10526315789473685,0.1904761904761905,0.5225062370300293,0.6989911794662476
366,SYS_A,0.5882352941176471,0.39999999999999997,0.5882352941176471,0.7482641339302063,0.6619933843612671
367,SYS_A,0.625,0.42857142857142855,0.37499999999999994,0.710565984249115,0.8153439164161682
368,SYS_A,0.3,0.2222222222222222,0.3,0.7279321551322937,0.6591007709503174
369,SYS_A,0.4,0.1111111111111111,0.3,0.7369992733001709,0.6799539923667908
370,SYS_A,0.4615384615384615,0.0,0.15384615384615383,0.514001190662384,0.6795670986175537
371,SYS_A,0.0,0.0,0.0,0.4480597972869873,0.3256012797355652
372,SYS_A,0.33333333333333337,0.1818181818181818,0.24999999999999994,0.7004548907279968,0.6881058216094971
373,SYS_A,0.3157894736842105,0.11764705882352941,0.3157894736842105,0.7078611850738525,0.6346293687820435
374,SYS_A,0.625,0.14285714285714285,0.5,0.683940589427948,0.704703152179718
375,SYS_A,0.2222222222222222,0.0,0.1111111111111111,0.5719494223594666,0.5256754755973816
376,SYS_A,0.4444444444444444,0.0,0.3333333333333333,0.5555576682090759,0.5896889567375183
377,SYS_A,0.34782608695652173,0.0,0.17391304347826086,0.7070396542549133,0.7354009747505188
378,SYS_A,0.48000000000000004,0.0,0.24000000000000002,0.6606929302215576,0.7795557975769043
379,SYS_A,0.3333333333333333,0.125,0.3333333333333333,0.5910976529121399,0.561284065246582
380,SYS_A,0.6153846153846153,0.41666666666666663,0.4615384615384615,0.7694435119628906,0.8481221795082092
381,SYS_A,0.2727272727272727,0.19999999999999998,0.2727272727272727,0.689755916595459,0.5434432029724121
382,SYS_A,0.1379310344827586,0.0,0.0689655172413793,0.5292084813117981,0.41524818539619446
383,SYS_A,0.09090909090909093,0.0,0.09090909090909093,0.5570005178451538,0.5224709510803223
384,SYS_A,0.6666666666666666,0.3157894736842105,0.4761904761904762,0.6399877667427063,0.49483010172843933
385,SYS_A,0.5,0.14285714285714288,0.25,0.553989589214325,0.8630770444869995
386,SYS_A,0.5185185185185185,0.16,0.4444444444444444,0.768652081489563,0.7324830293655396
387,SYS_A,0.4210526315789474,0.3529411764705882,0.4210526315789474,0.5997427701950073,0.6458229422569275
388,SYS_A,0.30769230769230765,0.18181818181818182,0.30769230769230765,0.5457931756973267,0.5950055122375488
389,SYS_A,0.125,0.0,0.125,0.5395911931991577,0.35518109798431396
390,SYS_A,0.38095238095238093,0.3157894736842105,0.38095238095238093,0.6439800262451172,0.7496848106384277
391,SYS_A,0.27272727272727276,0.1,0.27272727272727276,0.622988760471344,0.6476553678512573
392,SYS_A,0.07142857142857144,0.0,0.07142857142857144,0.6054052710533142,0.4143354296684265
393,SYS_A,0.3157894736842105,0.11764705882352941,0.3157894736842105,0.6347795128822327,0.46321773529052734
394,SYS_A,0.4999999999999999,0.2727272727272727,0.4999999999999999,0.6939762234687805,0.8525170087814331
395,SYS_A,0.5714285714285715,0.4,0.5714285714285715,0.758717954158783,0.8952358961105347
396,SYS_A,0.6666666666666666,0.37499999999999994,0.5555555555555556,0.7236859798431396,0.8902052640914917
397,SYS_A,0.25,0.0,0.25,0.5863237380981445,0.38486912846565247
398,SYS_A,0.10526315789473684,0.0,0.10526315789473684,0.435046911239624,0.47579047083854675
399,SYS_A,0.7692307692307693,0.5454545454545454,0.7692307692307693,0.7469202280044556,0.8581704497337341
400,SYS_A,0.8333333333333333,0.6363636363636365,0.4999999999999999,0.7408292293548584,0.8115576505661011
401,SYS_A,1.0,1.0,1.0,0.9798740148544312,0.9923313856124878
402,SYS_A,0.32,0.0,0.23999999999999996,0.7277137637138367,0.7141056060791016
403,SYS_A,0.761904761904762,0.4210526315789474,0.761904761904762,0.906546413898468,0.8268194794654846
404,SYS_A,0.2,0.0,0.2,0.5860416293144226,0.6162837147712708
405,SYS_A,0.23529411764705882,0.0,0.11764705882352941,0.5940814018249512,0.5321832895278931
406,SYS_A,0.5714285714285713,0.10526315789473685,0.380952380952381,0.7187390923500061,0.8077038526535034
407,SYS_A,0.4,0.1111111111111111,0.4,0.5947358012199402,0.6313847899436951
408,SYS_A,0.380952380952381,0.2105263157894737,0.380952380952381,0.687529981136322,0.4949691891670227
409,SYS_A,0.46153846153846156,0.25,0.3846153846153846,0.660699725151062,0.7378820180892944
410,SYS_A,0.07692307692307691,0.0,0.07692307692307691,0.42788225412368774,0.08007833361625671
411,SYS_A,0.5625,0.26666666666666666,0.5,0.7573161125183105,0.8921514749526978
412,SYS_A,0.25,0.0,0.16666666666666666,0.5476295948028564,0.4715525805950165
413,SYS_A,0.2222222222222222,0.0,0.2222222222222222,0.5286599397659302,0.4713907241821289
414,SYS_A,0.0,0.0,0.0,0.504159152507782,0.5124717354774475
415,SYS_A,0.5,0.14285714285714285,0.5,0.6367571353912354,0.6457633972167969
416,SYS_A,0.3703703703703704,0.16,0.3703703703703704,0.7265085577964783,0.6690252423286438
417,SYS_A,0.23529411764705882,0.13333333333333333,0.23529411764705882,0.5644227862358093,0.23775094747543335
418,SYS_A,0.4,0.3076923076923077,0.4,0.47961896657943726,0.8069910407066345
419,SYS_A,0.56,0.08695652173913043,0.4,0.7161356806755066,0.7141469717025757
420,SYS_A,0.5333333333333333,0.0,0.26666666666666666,0.6555501222610474,0.6641049385070801
421,SYS_A,0.39999999999999997,0.22222222222222224,0.3,0.6103705167770386,0.575646162033081
422,SYS_A,0.1111111111111111,0.0,0.1111111111111111,0.5278099179267883,0.3421492576599121
423,SYS_A,0.761904761904762,0.4210526315789474,0.5714285714285714,0.8176971673965454,0.788628876209259
424,SYS_A,0.39999999999999997,0.0,0.26666666666666666,0.6277869939804077,0.753491997718811
425,SYS_A,0.5,0.0,0.5,0.6462153792381287,0.6905584931373596
426,SYS_A,0.26666666666666666,0.15384615384615385,0.26666666666666666,0.5798502564430237,0.46398913860321045
427,SYS_A,0.4,0.1111111111111111,0.4,0.5563465356826782,0.5110267400741577
428,SYS_A,0.3529411764705882,0.13333333333333333,0.23529411764705882,0.5826005339622498,0.5754328966140747
429,SYS_A,0.6250000000000001,0.28571428571428575,0.6250000000000001,0.7748864889144897,0.7912159562110901
430,SYS_A,0.1904761904761905,0.0,0.1904761904761905,0.507685661315918,0.6065202951431274
431,SYS_A,0.4347826086956522,0.09523809523809525,0.2608695652173913,0.6232062578201294,0.7854098081588745
432,SYS_A,0.7142857142857143,0.6666666666666666,0.7142857142857143,0.7325756549835205,0.8065346479415894
433,SYS_A,0.5,0.1111111111111111,0.3,0.683387279510498,0.7983747124671936
434,SYS_A,0.24000000000000002,0.08695652173913043,0.16,0.6171489953994751,0.7697533369064331
435,SYS_A,0.19047619047619047,0.0,0.19047619047619047,0.5542715191841125,0.6019037365913391
436,SYS_A,0.34782608695652173,0.1904761904761905,0.34782608695652173,0.6383925676345825,0.6410677433013916
437,SYS_A,0.19047619047619047,0.0,0.19047619047619047,0.527393102645874,0.46357017755508423
438,SYS_A,0.761904761904762,0.631578947368421,0.761904761904762,0.7757642865180969,0.6138224601745605
439,SYS_A,0.3333333333333333,0.0,0.3333333333333333,0.6070212721824646,0.6063610315322876
440,SYS_A,0.2105263157894737,0.0,0.10526315789473685,0.5524342060089111,0.7043198347091675
441,SYS_A,0.6363636363636365,0.39999999999999997,0.6363636363636365,0.7254324555397034,0.7981494665145874
442,SYS_A,0.33333333333333326,0.125,0.33333333333333326,0.6898385882377625,0.7170844078063965
443,SYS_A,0.7000000000000001,0.5555555555555556,0.7000000000000001,0.7599881887435913,0.8084383010864258
444,SYS_A,0.25000000000000006,0.14285714285714288,0.25000000000000006,0.5252323746681213,0.6979624032974243
445,SYS_A,0.6,0.4444444444444445,0.6,0.7921184301376343,0.7804179191589355
446,SYS_A,0.2857142857142857,0.0,0.14285714285714285,0.5597376227378845,0.332701176404953
447,SYS_A,0.6086956521739131,0.28571428571428564,0.6086956521739131,0.7154667377471924,0.5255115628242493
448,SYS_A,0.4615384615384615,0.36363636363636365,0.4615384615384615,0.6587063074111938,0.7946592569351196
449,SYS_A,0.33333333333333326,0.0,0.22222222222222224,0.568770706653595,0.6117676496505737
450,SYS_A,0.5,0.28571428571428575,0.25,0.6484708786010742,0.5804076790809631
451,SYS_A,0.2857142857142857,0.0,0.21428571428571427,0.5993096828460693,0.7047553062438965
452,SYS_A,0.4444444444444445,0.16,0.3703703703703704,0.7626849412918091,0.912545382976532
453,SYS_A,0.2105263157894737,0.0,0.10526315789473685,0.5235792398452759,0.5748608112335205
454,SYS_A,0.4,0.08695652173913043,0.32,0.5883963704109192,0.28111666440963745
455,SYS_A,0.6000000000000001,0.28571428571428575,0.4666666666666667,0.7011423110961914,0.6104492545127869
456,SYS_A,0.7407407407407408,0.56,0.6666666666666665,0.8187683820724487,0.6851268410682678
457,SYS_A,0.56,0.26086956521739135,0.56,0.7121434807777405,0.7788944244384766
458,SYS_A,0.5185185185185185,0.16,0.2962962962962963,0.7727278470993042,0.8758759498596191
459,SYS_A,0.3,0.2222222222222222,0.3,0.6595130562782288,0.7352317571640015
460,SYS_A,0.7000000000000001,0.2222222222222222,0.6,0.7723428606987,0.6392027139663696
461,SYS_A,0.4,0.08695652173913043,0.23999999999999996,0.6335541605949402,0.804931104183197
462,SYS_A,0.3529411764705882,0.13333333333333333,0.23529411764705882,0.7021692395210266,0.7506287693977356
463,SYS_A,0.5263157894736842,0.11764705882352941,0.4210526315789474,0.6536577939987183,0.8362782001495361
464,SYS_A,0.3,0.1111111111111111,0.3,0.6869801878929138,0.8031298518180847
465,SYS_A,0.3,0.1111111111111111,0.3,0.5751977562904358,0.6680395603179932
466,SYS_A,0.2,0.0,0.2,0.564021646976471,0.6267024278640747
467,SYS_A,0.4166666666666667,0.18181818181818182,0.25,0.6241552829742432,0.711785078048706
468,SYS_A,0.5,0.28571428571428575,0.25,0.6772534251213074,0.8645656108856201
469,SYS_A,0.34782608695652173,0.28571428571428575,0.34782608695652173,0.6285380721092224,0.6383249759674072
470,SYS_A,0.0,0.0,0.0,0.47873637080192566,0.27765941619873047
471,SYS_A,0.375,0.14285714285714288,0.25,0.5745682716369629,0.3585357964038849
472,SYS_A,0.4444444444444444,0.25,0.3333333333333333,0.6169081926345825,0.7675387263298035
473,SYS_A,0.7368421052631577,0.5882352941176471,0.7368421052631577,0.7264795303344727,0.6445260047912598
474,SYS_A,0.32,0.08695652173913043,0.24,0.5190756916999817,0.4688602387905121
475,SYS_A,0.2608695652173913,0.1904761904761905,0.2608695652173913,0.5998997688293457,0.6780238747596741
476,SYS_A,0.3529411764705882,0.0,0.23529411764705885,0.5925424695014954,0.6497732996940613
477,SYS_A,0.34782608695652173,0.1904761904761905,0.2608695652173913,0.5892256498336792,0.7638146281242371
478,SYS_A,0.4,0.1111111111111111,0.3,0.6531203985214233,0.6505692005157471
479,SYS_A,0.32,0.08695652173913043,0.24000000000000002,0.6384539008140564,0.6835387945175171
480,SYS_A,0.5,0.33333333333333326,0.5,0.8422451615333557,0.8730483055114746
481,SYS_A,0.4615384615384615,0.3636363636363636,0.4615384615384615,0.6110564470291138,0.5462957620620728
482,SYS_A,0.33333333333333337,0.1818181818181818,0.33333333333333337,0.6080632209777832,0.7135331034660339
483,SYS_A,0.23999999999999996,0.08695652173913043,0.16,0.508502185344696,0.5022473335266113
484,SYS_A,0.380952380952381,0.2105263157894737,0.380952380952381,0.7177606225013733,0.44968271255493164
485,SYS_A,0.34782608695652173,0.09523809523809525,0.2608695652173913,0.5657105445861816,0.6524732708930969
486,SYS_A,0.09523809523809522,0.0,0.09523809523809522,0.5788668394088745,0.5189681649208069
487,SYS_A,0.30769230769230765,0.0,0.15384615384615383,0.6644951105117798,0.6405038833618164
488,SYS_A,0.42857142857142855,0.07692307692307691,0.21428571428571427,0.6448054909706116,0.7078298330307007
489,SYS_A,0.7826086956521738,0.380952380952381,0.6956521739130435,0.7974286079406738,0.8154833316802979
490,SYS_A,0.5454545454545454,0.5,0.5454545454545454,0.6153445839881897,0.8573592901229858
491,SYS_A,0.16666666666666666,0.0,0.08333333333333333,0.5487934350967407,0.6068558692932129
492,SYS_A,1.0,1.0,1.0,1.0,1.0000001192092896
493,SYS_A,0.2727272727272727,0.0,0.1818181818181818,0.623710036277771,0.7315472364425659
494,SYS_A,0.375,0.14285714285714288,0.25,0.5970609188079834,0.6454246640205383
495,SYS_A,0.64,0.5217391304347826,0.56,0.689005970954895,0.8025470972061157
496,SYS_A,0.8421052631578948,0.588235294117647,0.7368421052631579,0.7895397543907166,0.8789205551147461
497,SYS_A,0.5217391304347826,0.380952380952381,0.34782608695652173,0.7581843137741089,0.7548099756240845
498,SYS_A,0.39999999999999997,0.11111111111111112,0.39999999999999997,0.7124004364013672,0.627631664276123
499,SYS_A,0.3157894736842105,0.11764705882352941,0.3157894736842105,0.668239176273346,0.7976962327957153
500,SYS_A,0.2727272727272727,0.1,0.2727272727272727,0.5273290872573853,0.5171834826469421
501,SYS_A,0.48000000000000004,0.0,0.16,0.6666713356971741,0.48100411891937256
502,SYS_A,0.3529411764705882,0.13333333333333333,0.3529411764705882,0.6472097039222717,0.6106646656990051
503,SYS_A,0.3333333333333333,0.125,0.3333333333333333,0.6778542995452881,0.46499019861221313
504,SYS_A,0.3333333333333333,0.2,0.3333333333333333,0.605738639831543,0.6821111440658569
505,SYS_A,0.6923076923076923,0.5833333333333334,0.5384615384615385,0.7646833062171936,0.8740235567092896
506,SYS_A,0.25,0.0,0.16666666666666666,0.5504968762397766,0.5368894338607788
507,SYS_A,0.6666666666666666,0.5000000000000001,0.6666666666666666,0.7306785583496094,0.6986749172210693
508,SYS_A,0.9411764705882353,0.9333333333333333,0.9411764705882353,0.9152076244354248,0.8460143804550171
509,SYS_A,0.3157894736842105,0.11764705882352941,0.2105263157894737,0.552239716053009,0.5440888404846191
510,SYS_A,0.47058823529411764,0.26666666666666666,0.47058823529411764,0.7719897627830505,0.8258746862411499
511,SYS_A,0.4210526315789474,0.0,0.2105263157894737,0.6974765062332153,0.6947680711746216
512,SYS_A,0.5333333333333333,0.15384615384615383,0.39999999999999997,0.628190279006958,0.8838681578636169
513,SYS_A,0.24000000000000002,0.0,0.08,0.5043679475784302,0.616388738155365
514,SYS_A,0.5454545454545454,0.20000000000000004,0.2727272727272727,0.6892131567001343,0.6991246938705444
515,SYS_A,0.11764705882352941,0.0,0.11764705882352941,0.4234411120414734,0.38004156947135925
516,SYS_A,0.4210526315789473,0.23529411764705882,0.4210526315789473,0.6070641875267029,0.7533655762672424
517,SYS_A,0.09523809523809525,0.0,0.09523809523809525,0.4822031259536743,0.30955079197883606
518,SYS_A,0.5833333333333334,0.45454545454545453,0.5833333333333334,0.7602119445800781,0.8412181735038757
519,SYS_A,0.32,0.17391304347826086,0.23999999999999996,0.6841529607772827,0.7027217149734497
520,SYS_A,0.6,0.1111111111111111,0.5,0.6999121308326721,0.8345862627029419
521,SYS_A,0.25,0.14285714285714288,0.25,0.6431533694267273,0.6499598026275635
522,SYS_A,0.5384615384615384,0.25,0.5384615384615384,0.727242112159729,0.7135574817657471
523,SYS_A,0.5714285714285715,0.0,0.380952380952381,0.5431784391403198,0.5856784582138062
524,SYS_A,0.5,0.07692307692307691,0.35714285714285715,0.6511618494987488,0.6873453259468079
525,SYS_A,0.25,0.0,0.125,0.5127400159835815,0.6349323391914368
526,SYS_A,0.380952380952381,0.0,0.1904761904761905,0.6433089375495911,0.6720565557479858
527,SYS_A,0.3157894736842105,0.11764705882352941,0.3157894736842105,0.5188321471214294,0.5456333160400391
528,SYS_A,0.4,0.17391304347826086,0.4,0.5672413110733032,0.7057669758796692
529,SYS_A,0.11764705882352941,0.0,0.11764705882352941,0.48670077323913574,0.2838391661643982
530,SYS_A,0.5333333333333333,0.3076923076923077,0.5333333333333333,0.669849157333374,0.7600589394569397
531,SYS_A,0.75,0.6666666666666666,0.75,0.7156444787979126,0.7609344720840454
532,SYS_A,0.2608695652173913,0.0,0.17391304347826086,0.579165518283844,0.6919696927070618
533,SYS_A,0.5454545454545454,0.5,0.5454545454545454,0.5900232791900635,0.7976153492927551
534,SYS_A,0.2105263157894737,0.0,0.2105263157894737,0.5461118221282959,0.5295876860618591
535,SYS_A,0.6666666666666666,0.46153846153846156,0.4,0.7865099906921387,0.928372323513031
536,SYS_A,0.3157894736842105,0.11764705882352941,0.3157894736842105,0.6307657361030579,0.7353880405426025
537,SYS_A,0.6666666666666666,0.10526315789473685,0.28571428571428564,0.7284305095672607,0.69866943359375
538,SYS_A,0.5454545454545454,0.09999999999999999,0.45454545454545453,0.6355793476104736,0.6693333387374878
539,SYS_A,0.23529411764705882,0.13333333333333333,0.23529411764705882,0.6757990121841431,0.7750954627990723
540,SYS_A,0.5,0.36363636363636365,0.5,0.7924166917800903,0.8308103680610657
541,SYS_A,0.2608695652173913,0.0,0.17391304347826086,0.5888073444366455,0.6853770017623901
542,SYS_A,0.9333333333333333,0.923076923076923,0.9333333333333333,0.8086013197898865,0.7750407457351685
543,SYS_A,0.5,0.0,0.3,0.6091090440750122,0.5416480898857117
544,SYS_A,0.38461538461538464,0.16666666666666669,0.23076923076923075,0.5982208847999573,0.7337055206298828
545,SYS_A,0.6363636363636364,0.5,0.6363636363636364,0.7728638648986816,0.8594269752502441
546,SYS_A,0.1904761904761905,0.10526315789473685,0.1904761904761905,0.6119359731674194,0.5549655556678772
547,SYS_A,0.23529411764705885,0.0,0.11764705882352942,0.5971857309341431,0.6568073034286499
548,SYS_A,0.4210526315789474,0.23529411764705882,0.4210526315789474,0.6546044945716858,0.6335631608963013
549,SYS_A,0.35294117647058826,0.13333333333333333,0.35294117647058826,0.7173600792884827,0.7830439805984497
550,SYS_A,0.2857142857142857,0.16666666666666666,0.2857142857142857,0.5579994320869446,0.42042917013168335
551,SYS_A,0.34782608695652173,0.09523809523809525,0.2608695652173913,0.6101883053779602,0.634066641330719
552,SYS_A,0.5,0.0,0.19999999999999998,0.643152117729187,0.74485182762146
553,SYS_A,0.25,0.0,0.125,0.5676892995834351,0.42939499020576477
554,SYS_A,0.24999999999999994,0.0909090909090909,0.24999999999999994,0.5708199143409729,0.6329230070114136
555,SYS_A,0.28571428571428564,0.10526315789473685,0.28571428571428564,0.6562146544456482,0.5153990983963013
556,SYS_A,0.5833333333333334,0.2727272727272727,0.5833333333333334,0.6790503859519958,0.452534019947052
557,SYS_A,0.5263157894736842,0.23529411764705885,0.5263157894736842,0.7102031707763672,0.6965953707695007
558,SYS_A,0.16,0.0,0.16,0.5883082151412964,0.6936041116714478
559,SYS_A,0.5333333333333333,0.30769230769230765,0.4,0.681573212146759,0.7006298303604126
560,SYS_A,0.23529411764705882,0.13333333333333333,0.23529411764705882,0.5804176330566406,0.6728285551071167
561,SYS_A,0.7272727272727272,0.6,0.7272727272727272,0.8523080945014954,0.8512309789657593
562,SYS_A,0.5882352941176471,0.5333333333333333,0.5882352941176471,0.7231555581092834,0.8172716498374939
563,SYS_A,0.17391304347826086,0.0,0.17391304347826086,0.6167337894439697,0.586513340473175
564,SYS_A,0.39999999999999997,0.11111111111111112,0.39999999999999997,0.5650237798690796,0.5776604413986206
565,SYS_A,0.5217391304347826,0.09523809523809525,0.34782608695652173,0.6420477032661438,0.6703963279724121
566,SYS_A,0.2105263157894737,0.0,0.2105263157894737,0.5273234844207764,0.5651131868362427
567,SYS_A,0.3846153846153846,0.08333333333333334,0.3846153846153846,0.5725856423377991,0.6314303874969482
568,SYS_A,0.47619047619047616,0.2105263157894737,0.47619047619047616,0.8073625564575195,0.8966558575630188
569,SYS_A,0.5185185185185186,0.32,0.5185185185185186,0.7854654788970947,0.770204484462738
570,SYS_A,0.22222222222222224,0.0,0.11111111111111112,0.5183388590812683,0.5678257942199707
571,SYS_A,0.0,0.0,0.0,0.42668357491493225,0.24048107862472534
572,SYS_A,0.5217391304347826,0.2857142857142857,0.5217391304347826,0.6608752608299255,0.6615603566169739
573,SYS_A,0.5454545454545454,0.09999999999999999,0.2727272727272727,0.7018343806266785,0.6412506103515625
574,SYS_A,0.16,0.0,0.16,0.6127892732620239,0.5711613893508911
575,SYS_A,0.5454545454545454,0.22222222222222224,0.5454545454545454,0.6829712986946106,0.5779932737350464
576,SYS_A,0.6153846153846153,0.24999999999999994,0.23076923076923075,0.6937697529792786,0.9009222984313965
577,SYS_A,0.3,0.0,0.3,0.6954523324966431,0.7034322023391724
578,SYS_A,0.2727272727272727,0.09999999999999999,0.1818181818181818,0.5204513669013977,0.6013485789299011
579,SYS_A,0.5454545454545454,0.0,0.36363636363636365,0.5899583101272583,0.6638054847717285
580,SYS_A,0.2962962962962963,0.24,0.2962962962962963,0.6441957950592041,0.7419495582580566
581,SYS_A,0.5,0.14285714285714288,0.375,0.5660357475280762,0.6511409878730774
582,SYS_A,0.4615384615384615,0.24999999999999994,0.30769230769230765,0.634233295917511,0.8204038739204407
583,SYS_A,0.5,0.33333333333333326,0.5,0.6942089200019836,0.7855610251426697
584,SYS_A,0.7272727272727272,0.6666666666666665,0.7272727272727272,0.6704344749450684,0.6927423477172852
585,SYS_A,0.3529411764705882,0.26666666666666666,0.3529411764705882,0.5918328762054443,0.7593909502029419
586,SYS_A,0.28571428571428575,0.0,0.28571428571428575,0.56187903881073,0.4959290623664856
587,SYS_A,0.33333333333333337,0.0909090909090909,0.33333333333333337,0.6043182015419006,0.7334266304969788
588,SYS_A,0.3870967741935484,0.13793103448275862,0.3225806451612903,0.5922607183456421,0.6824929714202881
589,SYS_A,0.5000000000000001,0.14285714285714288,0.25000000000000006,0.5581487417221069,0.7289364337921143
590,SYS_A,0.47058823529411764,0.26666666666666666,0.47058823529411764,0.6262468099594116,0.391396701335907
591,SYS_A,0.19047619047619044,0.0,0.09523809523809522,0.534083902835846,0.3910207152366638
592,SYS_A,0.27586206896551724,0.0,0.13793103448275862,0.5987607836723328,0.49733683466911316
593,SYS_A,0.3333333333333333,0.18181818181818182,0.3333333333333333,0.6367784142494202,0.6016432642936707
594,SYS_A,0.5,0.0,0.25,0.6547155976295471,0.68377685546875
595,SYS_A,0.5,0.33333333333333326,0.5,0.8148125410079956,0.8231732845306396
596,SYS_A,0.4615384615384615,0.3636363636363636,0.4615384615384615,0.6039751172065735,0.8530633449554443
597,SYS_A,0.42857142857142855,0.0,0.42857142857142855,0.6996811628341675,0.7515450716018677
598,SYS_A,0.608695652173913,0.380952380952381,0.608695652173913,0.6435839533805847,0.8691626787185669
599,SYS_A,0.5333333333333333,0.15384615384615383,0.39999999999999997,0.7824288606643677,0.8111814260482788
0,SYS_B,0.3529411764705882,0.0,0.3529411764705882,0.6464472413063049,0.6687648892402649
1,SYS_B,0.0,0.0,0.0,0.38664230704307556,0.08431823551654816
2,SYS_B,0.5714285714285714,0.3157894736842105,0.5714285714285714,0.7790109515190125,0.8852103352546692
3,SYS_B,0.24999999999999994,0.0909090909090909,0.24999999999999994,0.6215075850486755,0.6671187281608582
4,SYS_B,0.43478260869565216,0.0,0.34782608695652173,0.6284078359603882,0.6349045038223267
5,SYS_B,0.25,0.14285714285714285,0.25,0.6082682609558105,0.588250994682312
6,SYS_B,0.5217391304347826,0.0,0.34782608695652173,0.6907732486724854,0.7434317469596863
7,SYS_B,0.4347826086956522,0.09523809523809525,0.2608695652173913,0.5923861861228943,0.5728856921195984
8,SYS_B,0.4000000000000001,0.25,0.4000000000000001,0.5118779540061951,0.6149473190307617
9,SYS_B,0.08695652173913043,0.0,0.08695652173913043,0.4882969260215759,0.40684282779693604
10,SYS_B,0.7142857142857143,0.6153846153846154,0.7142857142857143,0.8786263465881348,0.966604471206665
11,SYS_B,0.5,0.18181818181818182,0.33333333333333337,0.6909737586975098,0.7937449216842651
12,SYS_B,0.4166666666666667,0.0,0.25,0.6491447687149048,0.8107351064682007
13,SYS_B,0.6956521739130435,0.5714285714285714,0.6956521739130435,0.5936886668205261,0.6473838090896606
14,SYS_B,0.4166666666666667,0.0,0.33333333333333337,0.6924412250518799,0.6618802547454834
15,SYS_B,0.6285714285714286,0.3636363636363637,0.5714285714285714,0.7598954439163208,0.7036422491073608
16,SYS_B,0.4615384615384615,0.16666666666666669,0.30769230769230765,0.6206527948379517,0.6491730213165283
17,SYS_B,0.25,0.14285714285714288,0.25,0.4896237850189209,0.5110427141189575
18,SYS_B,0.47058823529411764,0.13333333333333333,0.3529411764705882,0.6678405404090881,0.7463667988777161
19,SYS_B,0.631578947368421,0.4705882352941177,0.4210526315789474,0.7510501742362976,0.8799753785133362
20,SYS_B,0.25,0.0,0.25,0.5679891705513,0.4101591408252716
21,SYS_B,0.12500000000000003,0.0,0.12500000000000003,0.45377105474472046,0.49988797307014465
22,SYS_B,0.5217391304347826,0.4761904761904762,0.5217391304347826,0.7708916664123535,0.825663685798645
23,SYS_B,0.41666666666666663,0.2727272727272727,0.33333333333333337,0.5817118287086487,0.6171491146087646
24,SYS_B,0.2608695652173913,0.09523809523809525,0.2608695652173913,0.5267572999000549,0.6106331944465637
25,SYS_B,0.11764705882352941,0.0,0.11764705882352941,0.5072726011276245,0.4737325608730316
26,SYS_B,0.5,0.0,0.25,0.5749683976173401,0.7841023206710815
27,SYS_B,0.24999999999999994,0.0,0.16666666666666669,0.5650981068611145,0.5999094247817993
28,SYS_B,0.631578947368421,0.5555555555555556,0.631578947368421,0.7841809988021851,0.47164836525917053
29,SYS_B,0.3448275862068966,0.2962962962962963,0.3448275862068966,0.6243017911911011,0.48417821526527405
30,SYS_B,0.5454545454545454,0.22222222222222224,0.5454545454545454,0.6833705902099609,0.780426561832428
31,SYS_B,0.1,0.0,0.1,0.5987321734428406,0.49796509742736816
32,SYS_B,0.7407407407407407,0.56,0.7407407407407407,0.8508489727973938,0.8860151767730713
33,SYS_B,0.7058823529411764,0.6666666666666666,0.7058823529411764,0.7328270673751831,0.7243577837944031
34,SYS_B,0.23529411764705882,0.13333333333333333,0.23529411764705882,0.5453556180000305,0.46735185384750366
35,SYS_B,0.4705882352941177,0.26666666666666666,0.4705882352941177,0.8079344630241394,0.8294762372970581
36,SYS_B,0.10526315789473685,0.0,0.10526315789473685,0.6203415393829346,0.7522221803665161
37,SYS_B,0.125,0.0,0.125,0.5884050130844116,0.42000794410705566
38,SYS_B,0.09090909090909093,0.0,0.09090909090909093,0.5245002508163452,0.25084033608436584
39,SYS_B,0.2105263157894737,0.11764705882352941,0.2105263157894737,0.3611540198326111,0.6549738049507141
40,SYS_B,0.5833333333333334,0.18181818181818185,0.5,0.731633186340332,0.5152405500411987
41,SYS_B,0.4210526315789474,0.23529411764705885,0.4210526315789474,0.6540037393569946,0.8235666155815125
42,SYS_B,0.08333333333333333,0.0,0.08333333333333333,0.5682041645050049,0.4187692105770111
43,SYS_B,0.26666666666666666,0.0,0.13333333333333333,0.5200504064559937,0.5945378541946411
44,SYS_B,0.3846153846153846,0.16666666666666666,0.30769230769230765,0.6705290079116821,0.7765224575996399
45,SYS_B,0.42857142857142855,0.23076923076923075,0.35714285714285715,0.6551119089126587,0.7582702040672302
46,SYS_B,0.5833333333333334,0.18181818181818182,0.33333333333333337,0.642307698726654,0.81181401014328
47,SYS_B,0.5714285714285713,0.10526315789473685,0.28571428571428564,0.5874416828155518,0.6286252737045288
48,SYS_B,0.08695652173913043,0.0,0.08695652173913043,0.46783021092414856,0.33000683784484863
49,SYS_B,0.3333333333333333,0.25000000000000006,0.3333333333333333,0.6540274620056152,0.18615268170833588
50,SYS_B,0.4,0.2608695652173913,0.4,0.6682946085929871,0.7747800350189209
51,SYS_B,0.0,0.0,0.0,0.45801299810409546,0.20599383115768433
52,SYS_B,0.3404255319148936,0.08888888888888888,0.2978723404255319,0.5406064391136169,0.5632303357124329
53,SYS_B,0.15384615384615383,0.0,0.15384615384615383,0.5129849314689636,0.4659881889820099
54,SYS_B,0.7058823529411764,0.5333333333333333,0.7058823529411764,0.7705752849578857,0.7844979166984558
55,SYS_B,0.16666666666666666,0.0,0.16666666666666666,0.6052903532981873,0.5999599695205688
56,SYS_B,0.23529411764705885,0.0,0.11764705882352942,0.513009250164032,0.6047670245170593
57,SYS_B,0.26666666666666666,0.15384615384615385,0.26666666666666666,0.5972162485122681,0.50303053855896
58,SYS_B,0.2222222222222222,0.125,0.2222222222222222,0.6125914454460144,0.5802487134933472
59,SYS_B,0.1,0.0,0.1,0.3453524112701416,0.42282575368881226
60,SYS_B,0.0,0.0,0.0,0.508180558681488,0.11300534009933472
61,SYS_B,0.375,0.14285714285714288,0.25,0.6951465010643005,0.8861309885978699
62,SYS_B,0.17391304347826086,0.0,0.17391304347826086,0.5345881581306458,0.29163792729377747
63,SYS_B,0.46153846153846156,0.18181818181818182,0.46153846153846156,0.6360064744949341,0.7380220890045166
64,SYS_B,0.33333333333333337,0.0,0.33333333333333337,0.6064838767051697,0.5949990749359131
65,SYS_B,0.3529411764705882,0.0,0.3529411764705882,0.6329542398452759,0.4922487437725067
66,SYS_B,0.3333333333333333,0.0,0.25,0.6480249762535095,0.5247542858123779
67,SYS_B,0.6956521739130435,0.47619047619047616,0.6956521739130435,0.7251032590866089,0.4171311855316162
68,SYS_B,0.923076923076923,0.9090909090909091,0.923076923076923,0.9208589196205139,0.9248940944671631
69,SYS_B,0.28571428571428575,0.10526315789473685,0.28571428571428575,0.6546526551246643,0.7783473134040833
70,SYS_B,0.4615384615384615,0.33333333333333337,0.4615384615384615,0.7184603810310364,0.8156097531318665
71,SYS_B,0.0,0.0,0.0,0.4918040335178375,0.2895078659057617
72,SYS_B,0.0,0.0,0.0,0.4910278022289276,0.2672470808029175
73,SYS_B,0.6153846153846153,0.24999999999999994,0.30769230769230765,0.6863044500350952,0.5458418130874634
74,SYS_B,0.125,0.0,0.125,0.5199333429336548,0.4972207248210907
75,SYS_B,0.11111111111111112,0.0,0.11111111111111112,0.5955726504325867,0.5293102264404297
76,SYS_B,0.5217391304347826,0.1904761904761905,0.34782608695652173,0.6358352303504944,0.7419822216033936
77,SYS_B,0.35294117647058826,0.0,0.23529411764705882,0.5748772025108337,0.5808097124099731
78,SYS_B,0.0,0.0,0.0,0.5366688370704651,0.5153253078460693
79,SYS_B,0.4545454545454546,0.4,0.4545454545454546,0.7642690539360046,0.7752468585968018
80,SYS_B,0.4210526315789474,0.23529411764705885,0.4210526315789474,0.7039330005645752,0.6493023037910461
81,SYS_B,0.25,0.14285714285714285,0.25,0.596294641494751,0.3971967101097107
82,SYS_B,0.3,0.0,0.20000000000000004,0.6363163590431213,0.7922037839889526
83,SYS_B,0.10526315789473682,0.0,0.10526315789473682,0.47962039709091187,0.4340721070766449
84,SYS_B,0.4444444444444444,0.12500000000000003,0.4444444444444444,0.7100152969360352,0.7828623056411743
85,SYS_B,0.19047619047619047,0.0,0.09523809523809523,0.5482136011123657,0.13011232018470764
86,SYS_B,0.2,0.0,0.1,0.5685463547706604,0.4625643193721771
87,SYS_B,0.4166666666666667,0.18181818181818182,0.4166666666666667,0.7354114055633545,0.5782420635223389
88,SYS_B,0.4,0.08695652173913043,0.32,0.5950181484222412,0.6966816186904907
89,SYS_B,0.4,0.15384615384615383,0.26666666666666666,0.6283875703811646,0.46948522329330444
90,SYS_B,0.1,0.0,0.1,0.5448731780052185,0.3872755765914917
91,SYS_B,0.2222222222222222,0.0,0.2222222222222222,0.5881738066673279,0.4860057830810547
92,SYS_B,0.28571428571428564,0.10526315789473685,0.28571428571428564,0.6737883687019348,0.7297047972679138
93,SYS_B,0.5263157894736842,0.11764705882352941,0.3157894736842105,0.6212866306304932,0.7344866991043091
94,SYS_B,0.5714285714285714,0.3333333333333333,0.5714285714285714,0.752592146396637,0.7975024580955505
95,SYS_B,0.11764705882352941,0.0,0.11764705882352941,0.5149037837982178,0.5117748975753784
96,SYS_B,0.5833333333333334,0.2727272727272727,0.41666666666666663,0.6576261520385742,0.522905707359314
97,SYS_B,0.4,0.2608695652173913,0.4,0.6359250545501709,0.74985671043396
98,SYS_B,0.16666666666666666,0.0,0.16666666666666666,0.5004990696907043,0.4601616859436035
99,SYS_B,0.6666666666666665,0.25,0.6666666666666665,0.767187237739563,0.9077814221382141
100,SYS_B,0.08333333333333333,0.0,0.08333333333333333,0.687058687210083,0.7544366717338562
101,SYS_B,0.3,0.1111111111111111,0.3,0.6252831816673279,0.6229597330093384
102,SYS_B,0.4,0.0,0.4,0.9552024602890015,0.9429313540458679
103,SYS_B,0.36363636363636365,0.0,0.36363636363636365,0.6772204041481018,0.34747743606567383
104,SYS_B,0.608695652173913,0.38095238095238093,0.5217391304347827,0.829147219657898,0.905168890953064
105,SYS_B,0.7500000000000001,0.5454545454545454,0.6666666666666667,0.8093588948249817,0.7066665887832642
106,SYS_B,0.25,0.09090909090909093,0.25,0.4931440055370331,0.5545653104782104
107,SYS_B,0.14285714285714288,0.0,0.14285714285714288,0.6848704814910889,0.6765997409820557
108,SYS_B,0.5714285714285714,0.3333333333333333,0.5714285714285714,0.5901973247528076,0.6834660172462463
109,SYS_B,0.4,0.0,0.4,0.7628551721572876,0.9004523754119873
110,SYS_B,0.27272727272727276,0.1,0.27272727272727276,0.5706194639205933,0.5885688066482544
111,SYS_B,0.0,0.0,0.0,0.42158830165863037,0.1603221595287323
112,SYS_B,0.39999999999999997,0.26086956521739135,0.32,0.6257256269454956,0.7496730089187622
113,SYS_B,0.375,0.0,0.25,0.5182300806045532,0.6896977424621582
114,SYS_B,0.21052631578947367,0.11764705882352941,0.21052631578947367,0.5619045495986938,0.711520254611969
115,SYS_B,0.42857142857142855,0.0,0.42857142857142855,0.6618647575378418,0.4829115867614746
116,SYS_B,0.0,0.0,0.0,0.502912700176239,0.5295693278312683
117,SYS_B,0.19047619047619044,0.0,0.19047619047619044,0.5870233774185181,0.6005399227142334
118,SYS_B,0.08,0.0,0.08,0.4579916298389435,0.31419920921325684
119,SYS_B,0.4444444444444444,0.0,0.2222222222222222,0.6852739453315735,0.802428662776947
120,SYS_B,1.0,1.0,1.0,1.0,1.0000001192092896
121,SYS_B,0.24999999999999994,0.1818181818181818,0.24999999999999994,0.5980055928230286,0.5036882758140564
122,SYS_B,0.11764705882352941,0.0,0.11764705882352941,0.5575066804885864,0.49397674202919006
123,SYS_B,0.17391304347826086,0.0,0.17391304347826086,0.5305323600769043,0.5258703231811523
124,SYS_B,0.5833333333333334,0.27272727272727276,0.5833333333333334,0.7931960821151733,0.7625527381896973
125,SYS_B,0.13333333333333333,0.0,0.13333333333333333,0.4973873794078827,0.39018210768699646
126,SYS_B,0.375,0.2857142857142857,0.375,0.5435452461242676,0.8813487887382507
127,SYS_B,0.4,0.3333333333333333,0.4,0.6722221970558167,0.40832382440567017
128,SYS_B,0.6666666666666666,0.12500000000000003,0.6666666666666666,0.7322112321853638,0.6608410477638245
129,SYS_B,0.7500000000000001,0.6363636363636365,0.7500000000000001,0.771070659160614,0.7659944295883179
130,SYS_B,0.18181818181818185,0.0,0.09090909090909093,0.6178833842277527,0.3848717212677002
131,SYS_B,0.30769230769230765,0.1818181818181818,0.30769230769230765,0.6158075332641602,0.6094878911972046
132,SYS_B,0.34782608695652173,0.09523809523809525,0.2608695652173913,0.6374392509460449,0.5541070699691772
133,SYS_B,0.18181818181818182,0.1,0.18181818181818182,0.6047301888465881,0.5675692558288574
134,SYS_B,0.28571428571428564,0.10526315789473685,0.1904761904761905,0.5948070287704468,0.76316237449646
135,SYS_B,0.3,0.11111111111111112,0.3,0.6764936447143555,0.7779290676116943
136,SYS_B,0.6250000000000001,0.5714285714285715,0.6250000000000001,0.825268566608429,0.8592864274978638
137,SYS_B,0.4545454545454545,0.4,0.4545454545454545,0.5154256820678711,0.399644136428833
138,SYS_B,0.2857142857142857,0.16666666666666669,0.2857142857142857,0.4956503212451935,0.7827303409576416
139,SYS_B,0.631578947368421,0.4705882352941177,0.4210526315789474,0.7201262712478638,0.7166074514389038
140,SYS_B,0.6666666666666665,0.5,0.6666666666666665,0.8276749849319458,0.7873284220695496
141,SYS_B,0.4666666666666667,0.28571428571428575,0.4000000000000001,0.6429327130317688,0.7607529163360596
142,SYS_B,0.2857142857142857,0.0,0.09523809523809525,0.585491955280304,0.740512490272522
143,SYS_B,0.36363636363636365,0.0,0.36363636363636365,0.6708215475082397,0.4878055453300476
144,SYS_B,0.6666666666666666,0.09090909090909093,0.41666666666666663,0.7673484086990356,0.9031563997268677
145,SYS_B,0.28571428571428575,0.0,0.1904761904761905,0.6259140372276306,0.5467115640640259
146,SYS_B,0.4444444444444444,0.25,0.4444444444444444,0.6749228239059448,0.8186829090118408
147,SYS_B,0.0,0.0,0.0,0.4375321567058563,0.12582294642925262
148,SYS_B,0.2222222222222222,0.125,0.2222222222222222,0.5874653458595276,0.6931524276733398
149,SYS_B,0.7826086956521738,0.6666666666666666,0.7826086956521738,0.7876929044723511,0.5898476839065552
150,SYS_B,0.631578947368421,0.11764705882352942,0.4210526315789474,0.6868566274642944,0.7728614807128906
151,SYS_B,0.2222222222222222,0.0,0.2222222222222222,0.4922644793987274,0.3002849221229553
152,SYS_B,0.16,0.0,0.08,0.5197705626487732,0.4804166555404663
153,SYS_B,0.8823529411764706,0.6875000000000001,0.8823529411764706,0.8740226030349731,0.9248204827308655
154,SYS_B,0.32,0.17391304347826086,0.24,0.6447305083274841,0.6119849681854248
155,SYS_B,0.2105263157894737,0.11764705882352941,0.2105263157894737,0.5574079155921936,0.6439017057418823
156,SYS_B,0.2758620689655172,0.0,0.20689655172413796,0.6123104691505432,0.38330739736557007
157,SYS_B,0.13333333333333333,0.0,0.13333333333333333,0.5608828067779541,0.6166361570358276
158,SYS_B,0.0,0.0,0.0,0.5437425374984741,0.37967485189437866
159,SYS_B,0.5,0.4,0.5,0.7687207460403442,0.5539151430130005
160,SYS_B,0.3846153846153846,0.16666666666666666,0.30769230769230765,0.6772814393043518,0.7885509133338928
161,SYS_B,0.6,0.5,0.6,0.7408266663551331,0.805121898651123
162,SYS_B,1.0,1.0,1.0,1.000000238418579,0.9999999403953552
163,SYS_B,0.4444444444444444,0.125,0.4444444444444444,0.7631565928459167,0.9261884689331055
164,SYS_B,0.7000000000000001,0.5555555555555556,0.5,0.6849677562713623,0.8237544298171997
165,SYS_B,0.631578947368421,0.23529411764705882,0.631578947368421,0.6711088418960571,0.6531288623809814
166,SYS_B,0.5714285714285715,0.3333333333333333,0.5714285714285715,0.7217034697532654,0.8902882933616638
167,SYS_B,0.7499999999999999,0.2857142857142857,0.5,0.7085736393928528,0.8593130707740784
168,SYS_B,0.0,0.0,0.0,0.5352716445922852,0.19964522123336792
169,SYS_B,0.4799999999999999,0.2608695652173913,0.4,0.6684908270835876,0.7340654134750366
170,SYS_B,0.6363636363636364,0.4,0.36363636363636365,0.7637714743614197,0.8926515579223633
171,SYS_B,0.2777777777777778,0.23529411764705882,0.2777777777777778,0.5956104397773743,0.9159743785858154
172,SYS_B,0.4615384615384615,0.18181818181818182,0.3076923076923077,0.5422465801239014,0.6238952875137329
173,SYS_B,0.20000000000000004,0.1111111111111111,0.20000000000000004,0.618610143661499,0.43506693840026855
174,SYS_B,0.4,0.0,0.2,0.5222352147102356,0.5648081302642822
175,SYS_B,0.27272727272727276,0.0,0.18181818181818185,0.5676710605621338,0.5812965631484985
176,SYS_B,0.3157894736842105,0.11764705882352941,0.3157894736842105,0.6778600215911865,0.5958080291748047
177,SYS_B,0.09999999999999999,0.0,0.09999999999999999,0.572300910949707,0.4453893303871155
178,SYS_B,0.5,0.4,0.5,0.5779498219490051,0.5394202470779419
179,SYS_B,0.4000000000000001,0.0,0.20000000000000004,0.4245360493659973,0.48802390694618225
180,SYS_B,0.2857142857142857,0.10526315789473685,0.2857142857142857,0.6504107713699341,0.44812625646591187
181,SYS_B,0.46153846153846156,0.36363636363636365,0.46153846153846156,0.6722326874732971,0.6235480308532715
182,SYS_B,1.0,1.0,1.0,1.000000238418579,1.0000001192092896
183,SYS_B,0.13333333333333336,0.0,0.13333333333333336,0.49223583936691284,0.5420049428939819
184,SYS_B,0.4444444444444444,0.28571428571428575,0.4444444444444444,0.6281191110610962,0.7464630007743835
185,SYS_B,0.6153846153846153,0.5454545454545454,0.6153846153846153,0.7998947501182556,0.866419792175293
186,SYS_B,0.13333333333333333,0.0,0.13333333333333333,0.5634275078773499,0.5140605568885803
187,SYS_B,0.10526315789473682,0.0,0.10526315789473682,0.4396710693836212,0.6026448011398315
188,SYS_B,1.0,1.0,1.0,0.9823229312896729,0.9875038862228394
189,SYS_B,0.47619047619047616,0.2105263157894737,0.380952380952381,0.629652738571167,0.5126123428344727
190,SYS_B,0.16666666666666666,0.0,0.16666666666666666,0.5397759079933167,0.6389133930206299
191,SYS_B,0.25,0.18181818181818182,0.25,0.6382614374160767,0.5660997629165649
192,SYS_B,0.4,0.0,0.24,0.7300034165382385,0.9207278490066528
193,SYS_B,0.33333333333333326,0.125,0.33333333333333326,0.6215916275978088,0.7305771708488464
194,SYS_B,0.25,0.0,0.25,0.5533276796340942,0.7023175954818726
195,SYS_B,0.29629629629629634,0.08,0.22222222222222224,0.6816499829292297,0.5190014839172363
196,SYS_B,0.6,0.4444444444444445,0.6,0.6616615653038025,0.5742498636245728
197,SYS_B,0.14285714285714285,0.0,0.14285714285714285,0.4593200087547302,0.4650416672229767
198,SYS_B,0.3,0.1111111111111111,0.3,0.6600325107574463,0.7276490926742554
199,SYS_B,0.2222222222222222,0.0,0.1111111111111111,0.5139504671096802,0.4225265085697174
200,SYS_B,0.125,0.0,0.125,0.5866965055465698,0.6614400744438171
201,SYS_B,0.3111111111111111,0.27906976744186046,0.3111111111111111,0.6738512516021729,0.544130802154541
202,SYS_B,0.3,0.1111111111111111,0.3,0.5165344476699829,0.5557779669761658
203,SYS_B,0.4444444444444444,0.125,0.33333333333333326,0.6064102649688721,0.7444161176681519
204,SYS_B,0.23529411764705882,0.0,0.11764705882352941,0.5510885119438171,0.638564944267273
205,SYS_B,0.0,0.0,0.0,0.5110454559326172,0.44869160652160645
206,SYS_B,0.5555555555555556,0.37499999999999994,0.5555555555555556,0.7005810141563416,0.9034076929092407
207,SYS_B,0.14285714285714285,0.0,0.14285714285714285,0.5068638920783997,0.3701857626438141
208,SYS_B,0.4444444444444445,0.25,0.4444444444444445,0.6344756484031677,0.5654915571212769
209,SYS_B,0.4761904761904762,0.10526315789473685,0.380952380952381,0.7001516819000244,0.6840389370918274
210,SYS_B,0.5,0.1111111111111111,0.5,0.6573742628097534,0.6327183246612549
211,SYS_B,0.2222222222222222,0.12500000000000003,0.2222222222222222,0.4682146906852722,0.3601686358451843
212,SYS_B,0.761904761904762,0.631578947368421,0.761904761904762,0.7363596558570862,0.9269685745239258
213,SYS_B,0.46153846153846156,0.18181818181818182,0.30769230769230765,0.49844276905059814,0.7630549073219299
214,SYS_B,0.37037037037037035,0.08,0.22222222222222224,0.6689224243164062,0.5188950300216675
215,SYS_B,0.18181818181818185,0.0,0.18181818181818185,0.49897947907447815,0.32058101892471313
216,SYS_B,0.10526315789473685,0.0,0.10526315789473685,0.6024910807609558,0.25929415225982666
217,SYS_B,0.380952380952381,0.10526315789473685,0.1904761904761905,0.7134258151054382,0.6667258739471436
218,SYS_B,0.7142857142857143,0.6666666666666666,0.7142857142857143,0.7279755473136902,0.8617522716522217
219,SYS_B,0.5263157894736842,0.35294117647058826,0.4210526315789474,0.6368441581726074,0.6683210134506226
220,SYS_B,0.39999999999999997,0.15384615384615383,0.39999999999999997,0.6156772971153259,0.7291183471679688
221,SYS_B,0.2857142857142857,0.0,0.2857142857142857,0.5045104026794434,0.31569230556488037
222,SYS_B,0.6666666666666666,0.125,0.3333333333333333,0.6996904611587524,0.8124468326568604
223,SYS_B,0.6,0.47368421052631576,0.6,0.7155196666717529,0.28148534893989563
224,SYS_B,0.761904761904762,0.5263157894736842,0.761904761904762,0.8569870591163635,0.9225085973739624
225,SYS_B,0.24242424242424243,0.0,0.18181818181818182,0.5551550388336182,0.49157455563545227
226,SYS_B,0.7272727272727273,0.4444444444444444,0.7272727272727273,0.8228647708892822,0.7320220470428467
227,SYS_B,0.5,0.3333333333333333,0.3,0.8072340488433838,0.9362783432006836
228,SYS_B,0.56,0.4347826086956522,0.4799999999999999,0.732454240322113,0.6405007839202881
229,SYS_B,0.2105263157894737,0.0,0.2105263157894737,0.5609533786773682,0.4390001893043518
230,SYS_B,0.8000000000000002,0.75,0.8000000000000002,0.6509611010551453,0.8295968770980835
231,SYS_B,0.42857142857142855,0.0,0.28571428571428575,0.715124785900116,0.7257511615753174
232,SYS_B,0.0,0.0,0.0,0.47950682044029236,0.32167848944664
233,SYS_B,0.8333333333333334,0.7272727272727273,0.5833333333333334,0.8959008455276489,0.9750655293464661
234,SYS_B,0.10526315789473685,0.0,0.10526315789473685,0.5383005142211914,0.34477511048316956
235,SYS_B,0.26666666666666666,0.15384615384615383,0.26666666666666666,0.6451193690299988,0.7326862812042236
236,SYS_B,0.2,0.0,0.2,0.5153242349624634,0.2877086400985718
237,SYS_B,0.36363636363636365,0.3,0.36363636363636365,0.6215043663978577,0.7312985062599182
238,SYS_B,0.1904761904761905,0.10526315789473685,0.1904761904761905,0.6516817212104797,0.7556281685829163
239,SYS_B,0.6,0.22222222222222224,0.3,0.7472378611564636,0.6920467019081116
240,SYS_B,0.3,0.1111111111111111,0.2,0.5094670057296753,0.4380223751068115
241,SYS_B,0.42105263157894735,0.11764705882352941,0.3157894736842105,0.6138644218444824,0.6570301055908203
242,SYS_B,0.3157894736842105,0.11764705882352941,0.3157894736842105,0.6022366881370544,0.39383578300476074
243,SYS_B,0.9411764705882353,0.7999999999999999,0.9411764705882353,0.932547926902771,0.9592562317848206
244,SYS_B,0.28571428571428575,0.10526315789473685,0.28571428571428575,0.6163282990455627,0.7049996852874756
245,SYS_B,0.4444444444444445,0.125,0.33333333333333326,0.7210937738418579,0.6737174987792969
246,SYS_B,0.23529411764705882,0.0,0.23529411764705882,0.4759916067123413,0.46666914224624634
247,SYS_B,0.09090909090909093,0.0,0.09090909090909093,0.5297946333885193,0.6346353888511658
248,SYS_B,0.8235294117647058,0.7499999999999999,0.8235294117647058,0.8811649084091187,0.6478329300880432
249,SYS_B,0.11764705882352941,0.0,0.11764705882352941,0.6564438939094543,0.4619489312171936
250,SYS_B,0.2857142857142857,0.0,0.14285714285714285,0.5359342694282532,0.6197388768196106
251,SYS_B,0.0,0.0,0.0,0.4441547393798828,0.14593328535556793
252,SYS_B,0.6,0.5714285714285715,0.6,0.7453049421310425,0.7554622292518616
253,SYS_B,0.3,0.2222222222222222,0.3,0.6063936352729797,0.6859809160232544
254,SYS_B,0.0,0.0,0.0,0.4355795681476593,0.1691991090774536
255,SYS_B,0.380952380952381,0.10526315789473685,0.28571428571428564,0.5469821691513062,0.6371917724609375
256,SYS_B,0.4761904761904762,0.3157894736842105,0.38095238095238093,0.6772507429122925,0.6033841371536255
257,SYS_B,0.4444444444444444,0.0,0.4444444444444444,0.7230334877967834,0.6042823791503906
258,SYS_B,0.19999999999999998,0.0,0.09999999999999999,0.5861101150512695,0.4295913577079773
259,SYS_B,0.33333333333333326,0.25,0.33333333333333326,0.6884252429008484,0.6310728192329407
260,SYS_B,0.5333333333333333,0.0,0.26666666666666666,0.7933850288391113,0.840076744556427
261,SYS_B,0.32,0.1739130434782609,0.32,0.6582381725311279,0.7042040824890137
262,SYS_B,0.5263157894736842,0.3529411764705882,0.5263157894736842,0.6040250062942505,0.6797937154769897
263,SYS_B,0.5454545454545454,0.3,0.45454545454545453,0.769562304019928,0.7138569355010986
264,SYS_B,0.5263157894736842,0.35294117647058826,0.5263157894736842,0.6840564608573914,0.6059954166412354
265,SYS_B,0.7407407407407407,0.72,0.7407407407407407,0.8076295256614685,0.8766748905181885
266,SYS_B,0.4,0.1111111111111111,0.4,0.6087028980255127,0.7399008274078369
267,SYS_B,0.3157894736842105,0.0,0.21052631578947367,0.5956922769546509,0.7023220062255859
268,SYS_B,0.18181818181818182,0.0,0.09090909090909091,0.5601366758346558,0.6890388131141663
269,SYS_B,0.8148148148148148,0.5599999999999999,0.8148148148148148,0.7607116103172302,0.8990582227706909
270,SYS_B,0.4000000000000001,0.3333333333333333,0.4000000000000001,0.6571420431137085,0.43649154901504517
271,SYS_B,0.0,0.0,0.0,0.4743785858154297,0.17770501971244812
272,SYS_B,0.16666666666666666,0.0,0.16666666666666666,0.63081294298172,0.627435028553009
273,SYS_B,0.5263157894736842,0.3529411764705882,0.5263157894736842,0.781133770942688,0.2682145833969116
274,SYS_B,0.8695652173913043,0.6666666666666666,0.6956521739130435,0.764051079750061,0.5614861845970154
275,SYS_B,0.30303030303030304,0.12903225806451615,0.30303030303030304,0.6341231465339661,0.7602267861366272
276,SYS_B,0.34782608695652173,0.0,0.17391304347826086,0.5992246866226196,0.6406322121620178
277,SYS_B,0.37499999999999994,0.14285714285714288,0.25000000000000006,0.7283187508583069,0.663690984249115
278,SYS_B,0.5833333333333334,0.3636363636363636,0.5833333333333334,0.7943993806838989,0.7322944402694702
279,SYS_B,0.5384615384615384,0.16666666666666669,0.3846153846153846,0.6672423481941223,0.633857250213623
280,SYS_B,0.25,0.0,0.25,0.5289467573165894,0.5042976140975952
281,SYS_B,0.3448275862068965,0.07407407407407408,0.20689655172413796,0.6589227914810181,0.6320273280143738
282,SYS_B,0.4799999999999999,0.08695652173913043,0.32,0.7438697814941406,0.6611297726631165
283,SYS_B,0.0,0.0,0.0,0.4258827865123749,0.524327278137207
284,SYS_B,0.888888888888889,0.8571428571428571,0.888888888888889,0.8600308895111084,0.8909611105918884
285,SYS_B,0.42857142857142855,0.23076923076923075,0.35714285714285715,0.6186479330062866,0.6647327542304993
286,SYS_B,0.5,0.4,0.5,0.7546433806419373,0.9399481415748596
287,SYS_B,0.4999999999999999,0.3636363636363636,0.41666666666666663,0.7863895297050476,0.8128907680511475
288,SYS_B,0.17391304347826086,0.0,0.17391304347826086,0.5061042308807373,0.6326080560684204
289,SYS_B,0.9285714285714286,0.8461538461538461,0.9285714285714286,0.9655972719192505,0.9269827008247375
290,SYS_B,0.5,0.4,0.5,0.6157063245773315,0.8580095767974854
291,SYS_B,0.47058823529411764,0.26666666666666666,0.35294117647058826,0.6224222779273987,0.5993735194206238
292,SYS_B,1.0,1.0,1.0,1.000000238418579,0.9999998807907104
293,SYS_B,0.6363636363636364,0.5,0.4545454545454546,0.8704938888549805,0.8790342807769775
294,SYS_B,0.5882352941176471,0.39999999999999997,0.35294117647058826,0.7147127985954285,0.887075662612915
295,SYS_B,0.13333333333333333,0.0,0.13333333333333333,0.5791646242141724,0.44518738985061646
296,SYS_B,0.33333333333333337,0.1818181818181818,0.33333333333333337,0.6597024202346802,0.618410587310791
297,SYS_B,0.08695652173913043,0.0,0.08695652173913043,0.5036187171936035,0.3951553702354431
298,SYS_B,0.4347826086956522,0.28571428571428575,0.4347826086956522,0.64654141664505,0.7177180051803589
299,SYS_B,0.0,0.0,0.0,0.4329688251018524,0.14687950909137726
300,SYS_B,0.3529411764705882,0.0,0.23529411764705885,0.6265888214111328,0.4381507635116577
301,SYS_B,0.5833333333333334,0.3636363636363637,0.5833333333333334,0.7752881646156311,0.6811473965644836
302,SYS_B,0.2857142857142857,0.16666666666666666,0.2857142857142857,0.6036536693572998,0.5544663667678833
303,SYS_B,0.14285714285714285,0.0,0.14285714285714285,0.4923016428947449,0.5933792591094971
304,SYS_B,0.6666666666666666,0.4,0.6666666666666666,0.719900369644165,0.7858078479766846
305,SYS_B,0.4210526315789474,0.23529411764705885,0.3157894736842105,0.5693751573562622,0.8264185190200806
306,SYS_B,0.28571428571428575,0.0,0.28571428571428575,0.5507065653800964,0.68426513671875
307,SYS_B,0.33333333333333337,0.25,0.33333333333333337,0.4852639138698578,0.4942890405654907
308,SYS_B,0.5555555555555556,0.375,0.4444444444444445,0.7626656293869019,0.8250296115875244
309,SYS_B,0.2727272727272727,0.0,0.2727272727272727,0.7783751487731934,0.7636877298355103
310,SYS_B,0.4444444444444444,0.125,0.2222222222222222,0.6678401231765747,0.8191735744476318
311,SYS_B,0.0,0.0,0.0,0.5267581939697266,0.3551431894302368
312,SYS_B,0.34782608695652173,0.1904761904761905,0.34782608695652173,0.5899505615234375,0.7159343361854553
313,SYS_B,0.6363636363636364,0.5,0.6363636363636364,0.7784851789474487,0.7890676259994507
314,SYS_B,0.23529411764705882,0.0,0.23529411764705882,0.4486125409603119,0.5584337711334229
315,SYS_B,0.14285714285714285,0.0,0.14285714285714285,0.5361196398735046,0.512291669845581
316,SYS_B,0.2105263157894737,0.0,0.10526315789473685,0.6814678311347961,0.6400521993637085
317,SYS_B,0.33333333333333337,0.0,0.16666666666666669,0.6069219708442688,0.7313253283500671
318,SYS_B,0.9565217391304348,0.8571428571428572,0.9565217391304348,0.9688441753387451,0.9224507808685303
319,SYS_B,0.23529411764705882,0.0,0.11764705882352941,0.625072181224823,0.5612781643867493
320,SYS_B,0.7368421052631577,0.47058823529411764,0.631578947368421,0.7557641267776489,0.9078279137611389
321,SYS_B,0.28571428571428575,0.0,0.28571428571428575,0.6124399304389954,0.556037187576294
322,SYS_B,0.6666666666666666,0.625,0.6666666666666666,0.7749354839324951,0.8149235248565674
323,SYS_B,0.5,0.0,0.4,0.5800269246101379,0.682861864566803
324,SYS_B,0.2105263157894737,0.0,0.2105263157894737,0.5910038948059082,0.3175918459892273
325,SYS_B,0.4210526315789474,0.11764705882352942,0.2105263157894737,0.6627923846244812,0.5616156458854675
326,SYS_B,0.13333333333333333,0.0,0.13333333333333333,0.49156051874160767,0.0718604177236557
327,SYS_B,0.28571428571428575,0.16666666666666669,0.28571428571428575,0.665379524230957,0.6435593366622925
328,SYS_B,0.33333333333333337,0.125,0.2222222222222222,0.6571868062019348,0.6691464185714722
329,SYS_B,0.09999999999999999,0.0,0.09999999999999999,0.6182261109352112,0.5284253358840942
330,SYS_B,0.4,0.3076923076923077,0.4,0.6297826170921326,0.7879042029380798
331,SYS_B,0.11764705882352941,0.0,0.11764705882352941,0.4936329126358032,0.41067713499069214
332,SYS_B,0.4761904761904762,0.2105263157894737,0.4761904761904762,0.6609290838241577,0.6603292226791382
333,SYS_B,0.5333333333333333,0.30769230769230765,0.5333333333333333,0.728104293346405,0.8059177398681641
334,SYS_B,0.16,0.0,0.08,0.5813563466072083,0.5725859999656677
335,SYS_B,0.37499999999999994,0.28571428571428575,0.37499999999999994,0.6968954205513,0.8125094175338745
336,SYS_B,0.26666666666666666,0.0,0.13333333333333333,0.4498836398124695,0.6252269744873047
337,SYS_B,0.8333333333333333,0.7272727272727272,0.8333333333333333,0.9029476046562195,0.9178553223609924
338,SYS_B,0.14285714285714288,0.0,0.14285714285714288,0.4686771631240845,0.3419681787490845
339,SYS_B,0.6666666666666667,0.45454545454545453,0.4999999999999999,0.7294973134994507,0.6481561660766602
340,SYS_B,0.30769230769230765,0.08333333333333334,0.30769230769230765,0.611748456954956,0.5076160430908203
341,SYS_B,0.17391304347826086,0.0,0.17391304347826086,0.5877037048339844,0.4354839324951172
342,SYS_B,0.4210526315789474,0.11764705882352941,0.3157894736842105,0.6589303016662598,0.46257567405700684
343,SYS_B,0.6666666666666666,0.6153846153846153,0.6666666666666666,0.7697943449020386,0.9366735219955444
344,SYS_B,0.7142857142857143,0.5,0.7142857142857143,0.8407066464424133,0.6254266500473022
345,SYS_B,0.8,0.6086956521739131,0.8,0.9487101435661316,0.9888646602630615
346,SYS_B,0.17391304347826086,0.0,0.08695652173913043,0.4906741976737976,0.26561835408210754
347,SYS_B,0.09090909090909093,0.0,0.09090909090909093,0.600655734539032,0.518348217010498
348,SYS_B,0.3076923076923077,0.16666666666666666,0.23076923076923078,0.6028839945793152,0.449727863073349
349,SYS_B,0.9473684210526316,0.823529411764706,0.9473684210526316,0.9226451516151428,0.9251574873924255
350,SYS_B,0.5,0.42857142857142855,0.5,0.7866605520248413,0.6850018501281738
351,SYS_B,0.36363636363636365,0.2222222222222222,0.36363636363636365,0.4990302324295044,0.39575985074043274
352,SYS_B,0.6666666666666666,0.625,0.6666666666666666,0.8102161884307861,0.8633867502212524
353,SYS_B,0.0,0.0,0.0,0.4822395145893097,0.413560688495636
354,SYS_B,0.5,0.28571428571428575,0.375,0.7118086814880371,0.8251891732215881
355,SYS_B,0.07142857142857142,0.0,0.07142857142857142,0.41747739911079407,0.489642858505249
356,SYS_B,0.3333333333333333,0.0,0.3333333333333333,0.5792711973190308,0.6355301141738892
357,SYS_B,0.11764705882352941,0.0,0.11764705882352941,0.5080043077468872,0.44474712014198303
358,SYS_B,0.2608695652173913,0.09523809523809525,0.17391304347826086,0.5547991394996643,0.492803692817688
359,SYS_B,0.47058823529411764,0.13333333333333333,0.3529411764705882,0.5931498408317566,0.834164023399353
360,SYS_B,0.6086956521739131,0.28571428571428564,0.6086956521739131,0.7454086542129517,0.6477910280227661
361,SYS_B,0.4210526315789474,0.11764705882352941,0.4210526315789474,0.6974164843559265,0.7426882982254028
362,SYS_B,0.17391304347826086,0.09523809523809525,0.17391304347826086,0.5598801970481873,0.5736129283905029
363,SYS_B,0.7000000000000001,0.6666666666666666,0.7000000000000001,0.8322131037712097,0.7930187582969666
364,SYS_B,0.9411764705882353,0.9333333333333333,0.9411764705882353,0.9139456152915955,0.9780899286270142
365,SYS_B,0.26666666666666666,0.15384615384615385,0.26666666666666666,0.5558261871337891,0.6481668949127197
366,SYS_B,0.72,0.6956521739130436,0.72,0.8587281107902527,0.891573429107666
367,SYS_B,0.6363636363636365,0.3,0.45454545454545453,0.7459449768066406,0.7564531564712524
368,SYS_B,0.4,0.3076923076923077,0.4,0.6458911299705505,0.7857961058616638
369,SYS_B,0.5,0.2,0.5,0.6989889144897461,0.5827422142028809
370,SYS_B,0.5333333333333333,0.15384615384615383,0.5333333333333333,0.6889883279800415,0.797574520111084
371,SYS_B,0.8,0.7499999999999999,0.8,0.7938536405563354,0.9167431592941284
372,SYS_B,0.1714285714285714,0.0,0.1142857142857143,0.5261417031288147,0.46293455362319946
373,SYS_B,0.7,0.4444444444444444,0.7,0.8179047703742981,0.8048654198646545
374,SYS_B,0.23529411764705882,0.0,0.11764705882352941,0.5226809978485107,0.48870083689689636
375,SYS_B,0.0,0.0,0.0,0.5045470595359802,0.31011074781417847
376,SYS_B,0.47058823529411764,0.39999999999999997,0.47058823529411764,0.6524498462677002,0.6272809505462646
377,SYS_B,0.3,0.0,0.20000000000000004,0.7261582016944885,0.7480045557022095
378,SYS_B,0.375,0.0,0.25,0.682009756565094,0.8070828914642334
379,SYS_B,0.5,0.4545454545454546,0.5,0.7095868587493896,0.6653022170066833
380,SYS_B,0.4210526315789474,0.11764705882352941,0.2105263157894737,0.5742883682250977,0.748176097869873
381,SYS_B,0.35294117647058826,0.26666666666666666,0.35294117647058826,0.6775500774383545,0.640933096408844
382,SYS_B,0.10526315789473685,0.0,0.10526315789473685,0.4499681293964386,0.4120936691761017
383,SYS_B,0.1111111111111111,0.0,0.1111111111111111,0.6281137466430664,0.6320980787277222
384,SYS_B,0.7692307692307692,0.5833333333333334,0.7692307692307692,0.701056718826294,0.5165923237800598
385,SYS_B,0.5,0.14285714285714288,0.25,0.553989589214325,0.8630770444869995
386,SYS_B,0.17391304347826086,0.09523809523809522,0.17391304347826086,0.5763590335845947,0.6983886361122131
387,SYS_B,0.39999999999999997,0.0,0.13333333333333333,0.598255455493927,0.6748312711715698
388,SYS_B,0.30769230769230765,0.18181818181818182,0.30769230769230765,0.5687927007675171,0.6231715679168701
389,SYS_B,0.41666666666666663,0.0,0.16666666666666666,0.6390345096588135,0.5114582777023315
390,SYS_B,0.2857142857142857,0.16666666666666666,0.2857142857142857,0.5637558102607727,0.5848690271377563
391,SYS_B,0.10526315789473685,0.0,0.10526315789473685,0.4997060298919678,0.4125384986400604
392,SYS_B,0.09090909090909091,0.0,0.09090909090909091,0.5348361134529114,0.20596563816070557
393,SYS_B,0.5833333333333334,0.1818181818181818,0.41666666666666663,0.7395746111869812,0.7371442317962646
394,SYS_B,0.3157894736842105,0.11764705882352941,0.3157894736842105,0.6747981309890747,0.421047568321228
395,SYS_B,0.6666666666666666,0.5,0.6666666666666666,0.7524956464767456,0.8609800934791565
396,SYS_B,0.5833333333333334,0.36363636363636365,0.25,0.7394203543663025,0.8021346926689148
397,SYS_B,0.0,0.0,0.0,0.4240829348564148,0.16565468907356262
398,SYS_B,0.10526315789473684,0.0,0.10526315789473684,0.492004930973053,0.5735429525375366
399,SYS_B,0.25,0.0,0.25,0.5705679059028625,0.5744373798370361
400,SYS_B,0.33333333333333337,0.0909090909090909,0.16666666666666669,0.6287951469421387,0.7422029972076416
401,SYS_B,0.923076923076923,0.9090909090909091,0.923076923076923,0.8928115367889404,0.9481213092803955
402,SYS_B,0.11764705882352941,0.0,0.11764705882352941,0.5103053450584412,0.4604950249195099
403,SYS_B,0.64,0.34782608695652173,0.5599999999999999,0.744835376739502,0.8562374711036682
404,SYS_B,0.3529411764705882,0.0,0.3529411764705882,0.6513569951057434,0.5689702033996582
405,SYS_B,0.3,0.0,0.2,0.651121199131012,0.6157013177871704
406,SYS_B,0.7692307692307693,0.7499999999999999,0.7692307692307693,0.8520657420158386,0.965561032295227
407,SYS_B,0.41666666666666663,0.18181818181818185,0.41666666666666663,0.5735519528388977,0.6384406089782715
408,SYS_B,0.3846153846153846,0.16666666666666666,0.30769230769230765,0.6702815294265747,0.6896896362304688
409,SYS_B,0.3333333333333333,0.125,0.2222222222222222,0.6286629438400269,0.33883893489837646
410,SYS_B,0.09090909090909091,0.0,0.09090909090909091,0.4559444189071655,0.40361517667770386
411,SYS_B,0.5217391304347827,0.38095238095238093,0.5217391304347827,0.7001703381538391,0.8109980821609497
412,SYS_B,0.3157894736842105,0.0,0.2105263157894737,0.48424503207206726,0.39925509691238403
413,SYS_B,0.26666666666666666,0.15384615384615385,0.26666666666666666,0.5683683156967163,0.5856114029884338
414,SYS_B,0.0,0.0,0.0,0.5773525834083557,0.5798593163490295
415,SYS_B,0.6666666666666666,0.6153846153846153,0.6666666666666666,0.7105833292007446,0.6720986366271973
416,SYS_B,0.4347826086956522,0.09523809523809525,0.34782608695652173,0.771652340888977,0.7116566896438599
417,SYS_B,0.09523809523809525,0.0,0.09523809523809525,0.5833561420440674,0.30788159370422363
418,SYS_B,0.5,0.20000000000000004,0.3333333333333333,0.597506582736969,0.7399154901504517
419,SYS_B,0.36363636363636365,0.1,0.2727272727272727,0.6716122627258301,0.7242462635040283
420,SYS_B,0.4615384615384615,0.18181818181818182,0.4615384615384615,0.658221960067749,0.5100160837173462
421,SYS_B,0.5,0.11111111111111112,0.39999999999999997,0.6400792598724365,0.5575822591781616
422,SYS_B,0.11764705882352942,0.0,0.11764705882352942,0.4696257412433624,0.22229796648025513
423,SYS_B,1.0,1.0,1.0,1.0,1.0
424,SYS_B,1.0,1.0,1.0,0.9779966473579407,0.9394096732139587
425,SYS_B,0.5333333333333333,0.46153846153846156,0.5333333333333333,0.7628094553947449,0.7892322540283203
426,SYS_B,0.42857142857142855,0.16666666666666669,0.42857142857142855,0.6443593502044678,0.6057870388031006
427,SYS_B,0.3,0.1111111111111111,0.3,0.7050313353538513,0.6432865262031555
428,SYS_B,0.3529411764705882,0.13333333333333333,0.23529411764705882,0.6127699017524719,0.5754328966140747
429,SYS_B,0.46153846153846156,0.18181818181818182,0.46153846153846156,0.6190565228462219,0.5057579278945923
430,SYS_B,0.1,0.0,0.1,0.5196794271469116,0.6304781436920166
431,SYS_B,0.3076923076923077,0.08333333333333333,0.15384615384615385,0.5800009965896606,0.8465986847877502
432,SYS_B,0.5714285714285714,0.16666666666666666,0.42857142857142855,0.734503984451294,0.9157469868659973
433,SYS_B,0.5454545454545454,0.0,0.36363636363636365,0.6626824140548706,0.8416200876235962
434,SYS_B,0.27586206896551724,0.07407407407407407,0.20689655172413793,0.547805905342102,0.8002928495407104
435,SYS_B,0.10526315789473682,0.0,0.10526315789473682,0.571104884147644,0.7185269594192505
436,SYS_B,0.5517241379310344,0.22222222222222224,0.4137931034482759,0.6504415273666382,0.8243314623832703
437,SYS_B,0.0,0.0,0.0,0.38249120116233826,0.13298004865646362
438,SYS_B,0.7368421052631577,0.7058823529411765,0.7368421052631577,0.780061662197113,0.6394855380058289
439,SYS_B,1.0,1.0,1.0,1.0000004768371582,1.0
440,SYS_B,0.3,0.1111111111111111,0.2,0.643486738204956,0.8044529557228088
441,SYS_B,0.6428571428571429,0.3846153846153846,0.6428571428571429,0.7816206812858582,0.7598010301589966
442,SYS_B,0.47058823529411764,0.26666666666666666,0.47058823529411764,0.7527647018432617,0.8107154965400696
443,SYS_B,0.6,0.5555555555555556,0.6,0.74153733253479,0.6651232242584229
444,SYS_B,0.28571428571428564,0.10526315789473685,0.28571428571428564,0.6061065196990967,0.5738400220870972
445,SYS_B,0.9565217391304348,0.8571428571428572,0.9565217391304348,0.9798242449760437,0.9339475631713867
446,SYS_B,0.4615384615384615,0.1818181818181818,0.4615384615384615,0.5844564437866211,0.5528987050056458
447,SYS_B,0.26666666666666666,0.0,0.26666666666666666,0.5345778465270996,0.4035739302635193
448,SYS_B,0.0,0.0,0.0,0.5388511419296265,0.48703616857528687
449,SYS_B,0.4285714285714285,0.16666666666666666,0.28571428571428575,0.5765330791473389,0.6811218857765198
450,SYS_B,0.375,0.0,0.25,0.6323327422142029,0.518195629119873
451,SYS_B,0.11764705882352942,0.0,0.11764705882352942,0.42556139826774597,0.1956656277179718
452,SYS_B,0.25,0.06666666666666667,0.25,0.6880321502685547,0.7464683055877686
453,SYS_B,0.28571428571428575,0.0,0.1904761904761905,0.6015728116035461,0.692682683467865
454,SYS_B,0.28571428571428564,0.10526315789473685,0.28571428571428564,0.6164703369140625,0.49933958053588867
455,SYS_B,0.5833333333333334,0.3636363636363637,0.5833333333333334,0.7416486740112305,0.7459298968315125
456,SYS_B,0.8181818181818182,0.7000000000000001,0.8181818181818182,0.9086310863494873,0.8936277031898499
457,SYS_B,0.6153846153846153,0.5454545454545454,0.6153846153846153,0.804979145526886,0.7901137471199036
458,SYS_B,0.56,0.17391304347826086,0.4,0.7374365329742432,0.8199594020843506
459,SYS_B,0.39999999999999997,0.15384615384615383,0.26666666666666666,0.6270672082901001,0.5843096971511841
460,SYS_B,0.5833333333333334,0.2727272727272727,0.5,0.6980328559875488,0.5069049000740051
461,SYS_B,0.36363636363636365,0.0,0.18181818181818182,0.5706931948661804,0.5795261859893799
462,SYS_B,1.0,1.0,1.0,0.9999999403953552,0.9999999403953552
463,SYS_B,0.47619047619047616,0.10526315789473685,0.380952380952381,0.688205897808075,0.7956438064575195
464,SYS_B,0.2,0.0,0.1,0.5790339112281799,0.4493981897830963
465,SYS_B,0.45454545454545453,0.19999999999999998,0.45454545454545453,0.6339274048805237,0.8194488883018494
466,SYS_B,0.34782608695652173,0.09523809523809525,0.2608695652173913,0.7015273571014404,0.6287652254104614
467,SYS_B,0.14285714285714288,0.07692307692307691,0.14285714285714288,0.5449686050415039,0.6028823852539062
468,SYS_B,0.5,0.28571428571428575,0.25,0.6772534251213074,0.8645656108856201
469,SYS_B,0.4210526315789474,0.11764705882352941,0.3157894736842105,0.613663911819458,0.48642802238464355
470,SYS_B,0.0,0.0,0.0,0.47506046295166016,0.2460876852273941
471,SYS_B,0.3333333333333333,0.25,0.3333333333333333,0.6474485993385315,0.48726093769073486
472,SYS_B,0.5333333333333333,0.3076923076923077,0.5333333333333333,0.7080466151237488,0.6456567645072937
473,SYS_B,0.7999999999999999,0.6666666666666665,0.7999999999999999,0.8401309251785278,0.7751054763793945
474,SYS_B,0.6666666666666666,0.3529411764705882,0.4444444444444444,0.653385579586029,0.8146905899047852
475,SYS_B,0.33333333333333337,0.1818181818181818,0.33333333333333337,0.7034497261047363,0.7679082751274109
476,SYS_B,0.380952380952381,0.10526315789473685,0.380952380952381,0.6593388915061951,0.5217388868331909
477,SYS_B,0.4,0.2608695652173913,0.4,0.5764130353927612,0.78078293800354
478,SYS_B,0.3636363636363636,0.09999999999999999,0.2727272727272727,0.6476038098335266,0.6486566066741943
479,SYS_B,0.4444444444444445,0.08,0.22222222222222224,0.6741815805435181,0.6501203775405884
480,SYS_B,0.1111111111111111,0.0,0.1111111111111111,0.6051638126373291,0.6854190826416016
481,SYS_B,0.0,0.0,0.0,0.406520277261734,0.287809282541275
482,SYS_B,0.5333333333333333,0.30769230769230765,0.5333333333333333,0.5852397084236145,0.7018622159957886
483,SYS_B,0.41666666666666663,0.0,0.16666666666666666,0.508832573890686,0.6093207597732544
484,SYS_B,0.3333333333333333,0.09090909090909093,0.25,0.6917537450790405,0.7280521988868713
485,SYS_B,0.4210526315789473,0.23529411764705882,0.3157894736842105,0.6054890155792236,0.7250881195068359
486,SYS_B,0.09523809523809522,0.0,0.09523809523809522,0.5788668394088745,0.5189681649208069
487,SYS_B,0.22222222222222224,0.0,0.22222222222222224,0.5693598985671997,0.391838014125824
488,SYS_B,0.33333333333333337,0.25,0.33333333333333337,0.6485047936439514,0.7412554025650024
489,SYS_B,0.9166666666666666,0.7272727272727273,0.8333333333333334,0.9246200919151306,0.8680309057235718
490,SYS_B,0.39999999999999997,0.26086956521739135,0.24000000000000005,0.7028020620346069,0.6843574047088623
491,SYS_B,0.17391304347826086,0.09523809523809525,0.17391304347826086,0.6305366158485413,0.7280420064926147
492,SYS_B,1.0,1.0,1.0,1.0,1.0000001192092896
493,SYS_B,0.380952380952381,0.2105263157894737,0.28571428571428575,0.649356484413147,0.709785521030426
494,SYS_B,0.4,0.15384615384615385,0.4,0.6309872269630432,0.8083010315895081
495,SYS_B,0.625,0.28571428571428575,0.625,0.7309544086456299,0.7695479393005371
496,SYS_B,0.7692307692307693,0.5454545454545454,0.6153846153846154,0.6557196378707886,0.8186667561531067
497,SYS_B,0.3157894736842105,0.0,0.2105263157894737,0.6191771030426025,0.6347130537033081
498,SYS_B,0.43749999999999994,0.13333333333333333,0.37499999999999994,0.7486965656280518,0.8132261037826538
499,SYS_B,0.11111111111111112,0.0,0.11111111111111112,0.6475268602371216,0.6035960912704468
500,SYS_B,0.09523809523809523,0.0,0.09523809523809523,0.46320411562919617,0.461764931678772
501,SYS_B,0.4615384615384615,0.0,0.15384615384615383,0.6712375283241272,0.39175179600715637
502,SYS_B,0.3157894736842105,0.11764705882352941,0.2105263157894737,0.5997272729873657,0.5852751731872559
503,SYS_B,0.28571428571428575,0.0,0.1904761904761905,0.5711138248443604,0.31073957681655884
504,SYS_B,0.30769230769230765,0.18181818181818182,0.30769230769230765,0.6355878114700317,0.8001867532730103
505,SYS_B,0.4166666666666667,0.18181818181818182,0.25,0.6784180998802185,0.6844058632850647
506,SYS_B,0.4444444444444444,0.17647058823529413,0.33333333333333326,0.6169182658195496,0.6178418397903442
507,SYS_B,0.6666666666666666,0.5000000000000001,0.6666666666666666,0.7306785583496094,0.6986749172210693
508,SYS_B,0.5333333333333333,0.4615384615384615,0.5333333333333333,0.71083003282547,0.7000484466552734
509,SYS_B,0.0,0.0,0.0,0.49585652351379395,0.41448771953582764
510,SYS_B,0.6666666666666666,0.4,0.6666666666666666,0.869910717010498,0.9427874684333801
511,SYS_B,0.5,0.0,0.5,0.79850834608078,0.8268601894378662
512,SYS_B,0.5000000000000001,0.4285714285714285,0.5000000000000001,0.6658527851104736,0.8233600854873657
513,SYS_B,0.11764705882352941,0.0,0.11764705882352941,0.4192928969860077,0.4631440043449402
514,SYS_B,0.4210526315789474,0.23529411764705882,0.3157894736842105,0.7416164875030518,0.7714942097663879
515,SYS_B,0.29629629629629634,0.08,0.22222222222222218,0.5443657040596008,0.44211894273757935
516,SYS_B,0.5,0.33333333333333337,0.5,0.6910126209259033,0.7057090401649475
517,SYS_B,0.0,0.0,0.0,0.49968791007995605,0.14862436056137085
518,SYS_B,0.3,0.2222222222222222,0.3,0.6036200523376465,0.6061234474182129
519,SYS_B,0.45454545454545453,0.2,0.36363636363636365,0.7580682635307312,0.7831178903579712
520,SYS_B,0.6666666666666665,0.125,0.5555555555555556,0.7082000970840454,0.8352479934692383
521,SYS_B,0.25,0.14285714285714288,0.25,0.6603759527206421,0.6759088635444641
522,SYS_B,0.3157894736842105,0.11764705882352941,0.3157894736842105,0.5445066690444946,0.6606540083885193
523,SYS_B,0.5882352941176471,0.13333333333333333,0.23529411764705882,0.5951316952705383,0.6609002351760864
524,SYS_B,0.35714285714285715,0.0,0.35714285714285715,0.6193970441818237,0.6267197728157043
525,SYS_B,0.11764705882352941,0.0,0.11764705882352941,0.45854032039642334,0.4494163393974304
526,SYS_B,0.14285714285714285,0.0,0.14285714285714285,0.5004093050956726,0.41749903559684753
527,SYS_B,0.33333333333333337,0.0,0.16666666666666669,0.4720108211040497,0.5839773416519165
528,SYS_B,0.41666666666666663,0.09090909090909093,0.3333333333333333,0.6551278233528137,0.75206458568573
529,SYS_B,0.6,0.4444444444444444,0.5,0.6504970788955688,0.4722084701061249
530,SYS_B,0.5333333333333333,0.3076923076923077,0.5333333333333333,0.667802631855011,0.7292771339416504
531,SYS_B,0.4285714285714285,0.3333333333333333,0.4285714285714285,0.6430937647819519,0.6125582456588745
532,SYS_B,0.34782608695652173,0.0,0.17391304347826086,0.5657055377960205,0.5722289085388184
533,SYS_B,0.5454545454545454,0.5,0.5454545454545454,0.5900232791900635,0.7976153492927551
534,SYS_B,0.3529411764705882,0.0,0.3529411764705882,0.5896217823028564,0.699566662311554
535,SYS_B,0.888888888888889,0.8750000000000001,0.888888888888889,0.8993683457374573,0.907397985458374
536,SYS_B,0.3529411764705882,0.26666666666666666,0.3529411764705882,0.6085028648376465,0.6191713809967041
537,SYS_B,0.2285714285714286,0.0,0.1142857142857143,0.5704843997955322,0.38623368740081787
538,SYS_B,0.25,0.14285714285714288,0.25,0.4517744481563568,0.3981568217277527
539,SYS_B,0.16666666666666666,0.0,0.08333333333333333,0.513971209526062,0.566718339920044
540,SYS_B,0.2105263157894737,0.0,0.2105263157894737,0.5948208570480347,0.5890993475914001
541,SYS_B,0.12500000000000003,0.0,0.12500000000000003,0.568648636341095,0.617660641670227
542,SYS_B,0.5,0.2,0.5,0.7332024574279785,0.873335599899292
543,SYS_B,0.15384615384615385,0.0,0.15384615384615385,0.5591375231742859,0.46315711736679077
544,SYS_B,0.3333333333333333,0.09090909090909091,0.25,0.6258512735366821,0.5833814740180969
545,SYS_B,0.6086956521739131,0.380952380952381,0.6086956521739131,0.793655276298523,0.8558535575866699
546,SYS_B,0.3333333333333333,0.07142857142857142,0.26666666666666666,0.6052072048187256,0.8365436792373657
547,SYS_B,0.4799999999999999,0.17391304347826086,0.4,0.7694534659385681,0.9016233682632446
548,SYS_B,0.3846153846153846,0.16666666666666666,0.30769230769230765,0.6322834491729736,0.7375096082687378
549,SYS_B,0.18181818181818182,0.0,0.18181818181818182,0.6848865747451782,0.7574495077133179
550,SYS_B,0.2857142857142857,0.16666666666666666,0.2857142857142857,0.5313379168510437,0.4503766894340515
551,SYS_B,0.4444444444444445,0.4,0.4444444444444445,0.6468583345413208,0.5742942094802856
552,SYS_B,0.3,0.0,0.3,0.6284502744674683,0.7510694861412048
553,SYS_B,0.16666666666666669,0.0,0.16666666666666669,0.5536336898803711,0.3942408263683319
554,SYS_B,0.37499999999999994,0.14285714285714288,0.37499999999999994,0.654105007648468,0.7178528904914856
555,SYS_B,0.28571428571428564,0.2105263157894737,0.28571428571428564,0.6488503217697144,0.5146147608757019
556,SYS_B,0.3529411764705882,0.0,0.3529411764705882,0.6114605665206909,0.5905033349990845
557,SYS_B,0.35294117647058826,0.13333333333333333,0.35294117647058826,0.6213729381561279,0.5730833411216736
558,SYS_B,0.2608695652173913,0.0,0.2608695652173913,0.6185945868492126,0.7386856079101562
559,SYS_B,0.47058823529411764,0.26666666666666666,0.3529411764705882,0.6230630874633789,0.6398334503173828
560,SYS_B,0.5,0.14285714285714285,0.37499999999999994,0.7343034148216248,0.7816027402877808
561,SYS_B,0.625,0.42857142857142855,0.37499999999999994,0.7682158946990967,0.8431546688079834
562,SYS_B,0.3333333333333333,0.2,0.3333333333333333,0.6407372951507568,0.5284370183944702
563,SYS_B,0.2608695652173913,0.0,0.2608695652173913,0.5958418250083923,0.500422477722168
564,SYS_B,0.47619047619047616,0.2105263157894737,0.47619047619047616,0.688538670539856,0.680160641670227
565,SYS_B,0.45454545454545453,0.3,0.2727272727272727,0.6204593777656555,0.7699860334396362
566,SYS_B,0.1111111111111111,0.0,0.1111111111111111,0.39161360263824463,0.3575226068496704
567,SYS_B,0.3157894736842105,0.11764705882352941,0.3157894736842105,0.6487902402877808,0.7141115665435791
568,SYS_B,0.5714285714285715,0.3333333333333333,0.4285714285714285,0.6394959092140198,0.776763916015625
569,SYS_B,0.19047619047619044,0.10526315789473682,0.19047619047619044,0.6530031561851501,0.552203357219696
570,SYS_B,0.21052631578947364,0.11764705882352941,0.21052631578947364,0.5656396746635437,0.6793259382247925
571,SYS_B,0.0,0.0,0.0,0.42668357491493225,0.24048107862472534
572,SYS_B,0.5925925925925927,0.24000000000000002,0.29629629629629634,0.8003557920455933,0.6403926610946655
573,SYS_B,0.5,0.09090909090909091,0.3333333333333333,0.7448935508728027,0.8569557070732117
574,SYS_B,0.0,0.0,0.0,0.5700771808624268,0.5198745727539062
575,SYS_B,0.5454545454545454,0.22222222222222224,0.5454545454545454,0.7844513654708862,0.6140213012695312
576,SYS_B,0.45454545454545453,0.2,0.2727272727272727,0.65582275390625,0.7116551399230957
577,SYS_B,0.2,0.0,0.2,0.5699419379234314,0.6855544447898865
578,SYS_B,0.6956521739130435,0.47619047619047616,0.6956521739130435,0.7011041045188904,0.6537904143333435
579,SYS_B,0.4,0.0,0.2,0.5442852973937988,0.6759467720985413
580,SYS_B,0.33333333333333337,0.18181818181818182,0.33333333333333337,0.6498522162437439,0.7229191660881042
581,SYS_B,0.7692307692307692,0.5454545454545454,0.7692307692307692,0.8019861578941345,0.7114835381507874
582,SYS_B,0.4444444444444444,0.37499999999999994,0.4444444444444444,0.6913093328475952,0.716396152973175
583,SYS_B,0.5454545454545454,0.3,0.45454545454545453,0.7537151575088501,0.8752663731575012
584,SYS_B,0.4444444444444444,0.375,0.4444444444444444,0.5584040880203247,0.5104485750198364
585,SYS_B,0.25000000000000006,0.14285714285714288,0.25000000000000006,0.5618290901184082,0.6830779314041138
586,SYS_B,0.3333333333333333,0.0,0.3333333333333333,0.4981546700000763,0.5274262428283691
587,SYS_B,0.4799999999999999,0.17391304347826086,0.4,0.6820768117904663,0.8363844156265259
588,SYS_B,0.3333333333333333,0.25,0.3333333333333333,0.5736410617828369,0.6771494150161743
589,SYS_B,0.23529411764705885,0.0,0.23529411764705885,0.5062040090560913,0.4690938889980316
590,SYS_B,0.4,0.2222222222222222,0.4,0.6408340930938721,0.41397082805633545
591,SYS_B,0.19047619047619044,0.0,0.09523809523809522,0.5227394700050354,0.471901535987854
592,SYS_B,0.22222222222222224,0.0,0.14814814814814817,0.5649488568305969,0.40922343730926514
593,SYS_B,0.2105263157894737,0.0,0.2105263157894737,0.4485985338687897,0.5399923324584961
594,SYS_B,0.4,0.0,0.2,0.6149731278419495,0.7603436708450317
595,SYS_B,0.23529411764705882,0.0,0.23529411764705882,0.6086498498916626,0.4997560679912567
596,SYS_B,0.4615384615384615,0.3636363636363636,0.4615384615384615,0.6039751172065735,0.8530633449554443
597,SYS_B,0.30769230769230765,0.0,0.30769230769230765,0.5487279891967773,0.3446075916290283
598,SYS_B,0.34782608695652173,0.1904761904761905,0.34782608695652173,0.5969955921173096,0.6717644929885864
599,SYS_B,0.42857142857142855,0.3333333333333333,0.42857142857142855,0.5752276182174683,0.5970728397369385
